"sub","POA","token","syll_dur","v_dur","vot","Av","Ahi","max23","HiDiff","F23Diff"
16,3,7,0.3134,0.2763,0.0371,38,0.4,10.2,37.6,0.4
16,3,9,0.2898,0.2437,0.0461,36.4,0.7,10.5,35.7,0.7
16,2,3,0.2714,0.2434,0.028,51.2,1,7.5,50.2,1
16,1,3,0.3397,0.3229,0.0168,51.1,1.3,15.8,49.8,1.3
16,3,10,0.2968,0.2595,0.0373,32.3,1.6,10.5,30.7,1.6
16,2,4,0.2725,0.2582,0.0143,38.8,1.9,5.5,36.9,1.9
16,4,9,0.2107,0.1876,0.0231,32.9,2.3,3.2,30.6,2.3
20,3,86,0.439,0.387,0.052,34.1,12.8,31.8,21.3,2.3
16,3,11,0.2668,0.2273,0.0395,32.1,2.4,13.3,29.7,2.4
16,2,5,0.2297,0.2124,0.0173,40.8,2.9,-0.8,37.9,2.9
20,4,128,0.338,0.315,0.023,30.9,21.5,28,9.4,2.9
16,1,1,0.276,0.2648,0.0112,36.7,3,2.6,33.7,3
16,1,2,0.2773,0.2669,0.0104,36.8,3.7,10.8,33.1,3.7
16,2,20,0.2873,0.2651,0.0222,37.9,3.7,2.8,34.2,3.7
13,3,97,0.2287,0.1992,0.0295,46.6,-4.6,42.6,51.2,4
20,3,123,0.121,0.096,0.025,32.6,8.4,28.6,24.2,4
16,2,30,0.2733,0.2574,0.0159,38.7,5.1,5.8,33.6,5.1
16,4,25,0.1862,0.1731,0.0131,28.1,5.3,11.3,22.8,5.3
20,3,100,0.264,0.23,0.034,23.3,3.9,18,19.4,5.3
16,4,11,0.2421,0.2211,0.021,29,5.9,18.7,23.1,5.9
20,3,124,0.113,0.09,0.023,34.2,3.4,28,30.8,6.2
16,3,3,0.3097,0.2579,0.0518,38.9,6.6,25.2,32.3,6.6
20,3,87,0.388,0.342,0.046,30.3,12.7,23.6,17.6,6.7
16,4,23,0.1896,0.1776,0.012,30.2,6.8,6.4,23.4,6.8
16,3,1,0.3128,0.2547,0.0581,34.3,6.9,23.5,27.4,6.9
20,3,91,0.38,0.347,0.033,31.3,13,24.4,18.3,6.9
16,1,5,0.2562,0.2343,0.0219,38.3,7.1,10.6,31.2,7.1
16,3,4,0.2978,0.2277,0.0701,37.5,7.2,17.1,30.3,7.2
16,4,10,0.2353,0.2162,0.0191,32.8,7.3,9.4,25.5,7.3
20,4,127,0.335,0.323,0.012,28.8,8.7,21.4,20.1,7.4
20,3,97,0.365,0.308,0.057,33,12.7,25.5,20.3,7.5
20,3,90,0.366,0.327,0.039,31.4,11.1,23.8,20.3,7.6
13,3,103,0.252,0.2251,0.0269,47,24.7,38.8,22.3,8.2
13,3,98,0.2373,0.2097,0.0276,48.2,12.1,39.9,36.1,8.3
15,3,117,0.12,0.101,0.019,37.4,7.8,29,29.6,8.4
20,3,121,0.119,0.1,0.019,34.9,9.4,26.4,25.5,8.5
20,4,129,0.292,0.272,0.02,33.2,16.1,24.7,17.1,8.5
16,4,18,0.2464,0.2243,0.0221,29.6,8.7,3.3,20.9,8.7
16,4,27,0.1869,0.1748,0.0121,29.1,8.8,4.9,20.3,8.8
20,3,85,0.413,0.363,0.05,35.9,16.3,27.1,19.6,8.8
13,4,147,0.2932,0.2793,0.0139,51.1,34.9,42.1,16.2,9
16,4,29,0.1738,0.162,0.0118,29.8,9.1,8,20.7,9.1
16,3,5,0.2112,0.1683,0.0429,38.8,9.1,24.2,29.7,9.1
20,3,88,0.432,0.386,0.046,32.1,12.6,22.9,19.5,9.2
16,4,30,0.1865,0.1736,0.0129,22.1,9.3,7.6,12.8,9.3
20,4,130,0.322,0.305,0.017,31.5,15.4,22.1,16.1,9.4
20,4,133,0.242,0.221,0.021,31,20.8,21.5,10.2,9.5
20,3,117,0.199,0.171,0.028,29.8,2.6,20.3,27.2,9.5
20,3,125,0.125,0.108,0.017,37.8,12.8,28.2,25,9.6
16,1,4,0.2743,0.2493,0.025,50.7,9.7,9.1,41,9.7
14,3,6,0.279,0.2488,0.0302,44.3,12.1,34.5,32.2,9.8
16,3,2,0.3017,0.2365,0.0652,38.5,10,25.2,28.5,10
20,3,84,0.375,0.347,0.028,35,11.9,24.2,23.1,10.8
20,3,95,0.41,0.356,0.054,31.8,8.4,20.9,23.4,10.9
13,3,100,0.2728,0.2388,0.034,48.9,-8.5,37.9,57.4,11
13,3,110,0.2614,0.228,0.0334,52.6,21.1,41.5,31.5,11.1
20,4,136,0.342,0.325,0.017,34,12,22.7,22,11.3
20,3,92,0.368,0.33,0.038,35.4,11.3,24.1,24.1,11.3
20,3,89,0.428,0.366,0.062,32.7,9,21.3,23.7,11.4
16,4,15,0.2623,0.24,0.0223,31.8,11.5,-4.2,20.3,11.5
16,4,5,0.2576,0.2247,0.0329,40.5,11.5,10,29,11.5
20,3,98,0.387,0.357,0.03,28.9,6,17.3,22.9,11.6
20,4,132,0.348,0.333,0.015,35.9,15.1,24.2,20.8,11.7
15,3,119,0.132,0.114,0.018,42,8.8,30.2,33.2,11.8
20,4,146,0.21,0.198,0.012,37.7,20.9,25.9,16.8,11.8
15,3,125,0.068,0.047,0.021,31,3.5,19.1,27.5,11.9
16,4,24,0.1603,0.1438,0.0165,28.6,11.9,1.7,16.7,11.9
13,3,102,0.286,0.2581,0.0279,48.8,26.3,36.8,22.5,12
20,3,126,0.109,0.092,0.017,37.9,13.9,25.9,24,12
20,3,99,0.366,0.316,0.05,30.4,5.9,18.3,24.5,12.1
13,3,108,0.2851,0.2493,0.0358,54.3,21.9,42.1,32.4,12.2
13,4,143,0.2843,0.2675,0.0168,50.7,17.6,38.4,33.1,12.3
13,3,113,0.2381,0.2067,0.0314,53.4,21.9,41.1,31.5,12.3
13,3,101,0.2804,0.2489,0.0315,51,18.2,38.7,32.8,12.3
13,3,104,0.2881,0.257,0.0311,55,25.1,42.6,29.9,12.4
15,3,132,0.09,0.073,0.017,40.4,10,28,30.4,12.4
15,3,113,0.136,0.119,0.017,39.5,10.7,27.1,28.8,12.4
20,4,143,0.288,0.267,0.021,36.6,13.2,24.2,23.4,12.4
16,4,19,0.2004,0.1817,0.0187,32.5,12.5,6.6,20,12.5
13,3,111,0.2647,0.2338,0.0309,55.8,29.3,43.2,26.5,12.6
16,4,7,0.2411,0.2205,0.0206,32.2,12.6,12.3,19.6,12.6
20,4,140,0.278,0.259,0.019,35.1,21.9,22.4,13.2,12.7
16,4,4,0.3009,0.2766,0.0243,34.5,12.8,15.4,21.7,12.8
20,3,119,0.13,0.105,0.025,33.3,11.9,20.5,21.4,12.8
20,4,137,0.336,0.319,0.017,33.9,3.5,21,30.4,12.9
22,4,112,0.33,0.325,0.005,49.7,27.6,36.8,22.1,12.9
14,3,18,0.3277,0.2879,0.0398,42.3,4,29.3,38.3,13
13,3,99,0.2588,0.2272,0.0316,48,27.1,34.9,20.9,13.1
15,3,130,0.094,0.077,0.017,42.5,3.1,29.2,39.4,13.3
20,4,135,0.371,0.352,0.019,34.3,17,21,17.3,13.3
13,4,156,0.256,0.2448,0.0112,54.9,34.9,41.5,20,13.4
20,4,153,0.197,0.187,0.01,35.8,13,22.4,22.8,13.4
20,3,93,0.382,0.327,0.055,35.4,13.2,22,22.2,13.4
16,4,26,0.1764,0.1659,0.0105,28.7,13.7,11.8,15,13.7
15,3,116,0.135,0.119,0.016,43.5,13.2,29.7,30.3,13.8
16,4,16,0.2729,0.2533,0.0196,32.1,13.8,2.7,18.3,13.8
20,3,111,0.216,0.195,0.021,33.9,7.6,20,26.3,13.9
13,4,159,0.215,0.2036,0.0114,54.2,37,40.2,17.2,14
13,4,168,0.2373,0.2186,0.0187,50.2,29.2,36.1,21,14.1
16,4,17,0.2181,0.1964,0.0217,33.3,14.1,4.2,19.2,14.1
20,4,154,0.181,0.172,0.009,37.5,15.4,23.2,22.1,14.3
21,3,117,0.122,0.105,0.017,48.4,18.8,34.1,29.6,14.3
14,4,18,0.2207,0.2144,0.0063,40,11,25.5,29,14.5
15,3,111,0.133,0.118,0.015,41.7,10.6,27.2,31.1,14.5
19,2,54,0.212,0.194,0.018,54.3,33.5,39.8,20.8,14.5
13,3,96,0.2098,0.1859,0.0239,50.2,-2.2,35.4,52.4,14.8
20,4,150,0.197,0.188,0.009,35.3,20,20.5,15.3,14.8
20,3,118,0.192,0.166,0.026,28.1,2.8,13.3,25.3,14.8
13,3,125,0.2672,0.2225,0.0447,59.7,24.7,44.8,35,14.9
13,3,138,0.1372,0.1023,0.0349,51.2,11,36.2,40.2,15
13,4,146,0.2936,0.2833,0.0103,52.8,31,37.7,21.8,15.1
14,4,8,0.2306,0.2175,0.0131,34.4,14.5,19.3,19.9,15.1
20,4,147,0.213,0.204,0.009,39.7,11.2,24.6,28.5,15.1
20,4,142,0.316,0.3,0.016,35.4,13.1,20.3,22.3,15.1
20,3,108,0.244,0.22,0.024,36.1,7.1,21,29,15.1
14,3,12,0.2961,0.2634,0.0327,43.2,17.9,27.9,25.3,15.3
20,2,49,0.433,0.396,0.037,28.5,4.8,13.2,23.7,15.3
13,4,148,0.2906,0.2768,0.0138,52.1,30.5,36.7,21.6,15.4
20,4,138,0.327,0.304,0.023,36,15.8,20.6,20.2,15.4
13,3,128,0.133,0.1126,0.0204,55.3,26.8,39.8,28.5,15.5
19,3,91,0.21,0.195,0.015,54.9,33,39.4,21.9,15.5
13,3,106,0.2819,0.2473,0.0346,54.5,25,38.9,29.5,15.6
21,4,155,0.106,0.096,0.01,46,31.8,30.4,14.2,15.6
13,4,169,0.2313,0.2166,0.0147,54.1,23.2,38.4,30.9,15.7
22,3,77,0.196,0.176,0.02,48.7,24.6,33,24.1,15.7
15,3,115,0.122,0.104,0.018,39.7,5.2,23.8,34.5,15.9
13,4,166,0.2246,0.2088,0.0158,52.1,31.5,36.1,20.6,16
20,4,158,0.199,0.188,0.011,37.1,14.5,21.1,22.6,16
13,3,122,0.2493,0.2173,0.032,57.6,19.2,41.5,38.4,16.1
19,3,95,0.197,0.186,0.011,51.7,22.2,35.6,29.5,16.1
20,3,116,0.209,0.177,0.032,34.7,1.3,18.6,33.4,16.1
21,3,106,0.119,0.105,0.014,50.4,19.7,34.3,30.7,16.1
21,3,88,0.268,0.232,0.036,50.2,27.3,34.1,22.9,16.1
19,2,56,0.2,0.188,0.012,56.2,17.6,40,38.6,16.2
20,4,131,0.36,0.341,0.019,35.5,19.3,19.3,16.2,16.2
20,4,156,0.198,0.187,0.011,35.1,6.7,18.8,28.4,16.3
20,3,102,0.231,0.207,0.024,37.9,8,21.6,29.9,16.3
20,3,113,0.208,0.183,0.025,34.4,2.7,18.1,31.7,16.3
14,4,19,0.2128,0.207,0.0058,42.1,18,25.7,24.1,16.4
14,2,8,0.1912,0.1733,0.0179,37.9,15.3,21.5,22.6,16.4
21,4,129,0.256,0.246,0.01,48.3,36.6,31.9,11.7,16.4
15,3,112,0.127,0.112,0.015,43.6,7.1,27,36.5,16.6
21,4,122,0.27,0.259,0.011,50.3,30.8,33.7,19.5,16.6
21,3,84,0.259,0.234,0.025,49.3,30,32.7,19.3,16.6
17,3,94,0.295,0.256,0.039,46.1,23.2,29.4,22.9,16.7
20,4,145,0.219,0.199,0.02,33.9,20.6,17.2,13.3,16.7
21,4,149,0.144,0.134,0.01,48.2,25.3,31.5,22.9,16.7
20,4,134,0.344,0.325,0.019,34.8,23.7,18,11.1,16.8
20,1,5,0.356,0.333,0.023,28.2,2.5,11.4,25.7,16.8
22,4,115,0.212,0.209,0.003,51.6,25.8,34.8,25.8,16.8
13,3,107,0.2764,0.2459,0.0305,57.8,22.4,40.9,35.4,16.9
13,4,152,0.2708,0.2558,0.015,52.2,28.1,35.2,24.1,17
19,3,93,0.202,0.189,0.013,56.2,16.2,39.1,40,17.1
21,4,138,0.173,0.162,0.011,49.3,34.1,32.2,15.2,17.1
13,4,153,0.2685,0.2576,0.0109,53.7,27.3,36.5,26.4,17.2
21,4,156,0.101,0.091,0.01,46.4,30.6,29.2,15.8,17.2
16,4,21,0.1676,0.1578,0.0098,34.4,17.3,15.9,17.1,17.3
20,4,148,0.216,0.205,0.011,35.5,20.4,18.2,15.1,17.3
20,3,96,0.388,0.352,0.036,33.5,7.7,16.2,25.8,17.3
21,3,115,0.12,0.106,0.014,51.1,22.5,33.8,28.6,17.3
21,3,97,0.275,0.25,0.025,52.4,14.6,35.1,37.8,17.3
22,3,76,0.253,0.205,0.048,47.4,14,30.1,33.4,17.3
15,3,131,0.094,0.08,0.014,43.6,3.4,26.2,40.2,17.4
20,4,157,0.221,0.209,0.012,37.1,16,19.6,21.1,17.5
20,3,122,0.111,0.08,0.031,41.2,5.1,23.7,36.1,17.5
20,3,105,0.226,0.201,0.025,38.9,2.8,21.3,36.1,17.6
15,3,121,0.089,0.075,0.014,44,6.9,26.3,37.1,17.7
13,2,56,0.2577,0.2413,0.0164,54,17.9,36.2,36.1,17.8
13,3,126,0.2339,0.1921,0.0418,59.7,21.7,41.9,38,17.8
14,4,12,0.3219,0.3103,0.0116,40.6,15,22.8,25.6,17.8
15,3,106,0.261,0.241,0.02,45.7,9.3,27.9,36.4,17.8
21,2,72,0.095,0.086,0.009,45.8,33.5,28,12.3,17.8
13,3,136,0.1335,0.1062,0.0273,49,0.01,31.1,48.99,17.9
13,4,161,0.2021,0.1888,0.0133,50.1,25.9,32.1,24.2,18
16,4,12,0.2688,0.2447,0.0241,33.9,18,2.6,15.9,18
19,2,57,0.199,0.188,0.011,51.7,20.6,33.7,31.1,18
13,3,105,0.279,0.256,0.023,55.4,27.2,37.3,28.2,18.1
13,3,114,0.2492,0.2224,0.0268,57.4,22.9,39.2,34.5,18.2
14,4,7,0.2873,0.2726,0.0147,37.7,15.3,19.4,22.4,18.3
21,4,159,0.101,0.092,0.009,44.2,29.2,25.9,15,18.3
21,4,131,0.275,0.265,0.01,49.6,34.2,31.3,15.4,18.3
22,4,113,0.346,0.341,0.005,50.5,26.4,32.2,24.1,18.3
14,3,7,0.2504,0.2281,0.0223,46.6,18.2,28.2,28.4,18.4
14,4,5,0.2652,0.2534,0.0118,39.3,16.1,20.8,23.2,18.5
17,4,141,0.268,0.25,0.018,54.7,10.7,36.2,44,18.5
19,3,98,0.184,0.171,0.013,49.8,16.4,31.2,33.4,18.6
13,4,177,0.1296,0.1105,0.0191,56.9,20,38.2,36.9,18.7
18,3,64,0.293,0.27,0.023,55.3,4.2,36.6,51.1,18.7
22,3,78,0.255,0.237,0.018,53,17.3,34.3,35.7,18.7
15,3,101,0.285,0.269,0.016,42.1,8.7,23.3,33.4,18.8
17,4,146,0.211,0.197,0.014,54,9.7,35.2,44.3,18.8
17,3,106,0.234,0.203,0.031,52,21.2,33.2,30.8,18.8
17,3,98,0.33,0.291,0.039,53.6,22.7,34.8,30.9,18.8
20,4,155,0.201,0.192,0.009,37.8,9.4,19,28.4,18.8
20,4,144,0.244,0.222,0.022,28.1,15.8,9.3,12.3,18.8
21,4,141,0.176,0.169,0.007,50.7,31.2,31.9,19.5,18.8
21,4,123,0.256,0.247,0.009,51.4,31.5,32.6,19.9,18.8
13,4,144,0.2948,0.2849,0.0099,50.7,24.2,31.8,26.5,18.9
20,3,120,0.103,0.079,0.024,36.1,3.6,17.2,32.5,18.9
21,3,114,0.139,0.12,0.019,52.7,16.8,33.8,35.9,18.9
22,4,119,0.212,0.207,0.005,50.7,24.9,31.8,25.8,18.9
13,3,139,0.1393,0.1078,0.0315,51.1,-0.3,32.1,51.4,19
14,3,19,0.3175,0.2746,0.0429,41.7,11.3,22.7,30.4,19
19,2,34,0.379,0.339,0.04,49.7,21.1,30.7,28.6,19
19,4,103,0.394,0.346,0.048,47.2,20.9,28.2,26.3,19
21,4,153,0.107,0.097,0.01,50.8,26.1,31.8,24.7,19
14,4,21,0.2285,0.2175,0.011,38.5,8.7,19.4,29.8,19.1
16,4,22,0.1821,0.167,0.0151,36.5,19.1,5.9,17.4,19.1
19,3,71,0.356,0.319,0.037,50,21.3,30.9,28.7,19.1
20,3,101,0.221,0.199,0.022,39.4,4.9,20.3,34.5,19.1
21,4,143,0.173,0.165,0.008,51.3,33.2,32.2,18.1,19.1
21,3,83,0.285,0.248,0.037,48.4,21.8,29.2,26.6,19.2
22,3,95,0.235,0.223,0.012,49.6,12,30.4,37.6,19.2
18,3,65,0.303,0.283,0.02,53.9,-0.3,34.6,54.2,19.3
19,4,122,0.161,0.149,0.012,59,17.4,39.7,41.6,19.3
21,4,121,0.248,0.236,0.012,48.1,29.8,28.8,18.3,19.3
17,3,127,0.104,0.077,0.027,51.1,16.3,31.7,34.8,19.4
19,4,124,0.191,0.178,0.013,51.7,18.5,32.3,33.2,19.4
19,2,55,0.2,0.181,0.019,56,31.5,36.6,24.5,19.4
21,3,89,0.288,0.249,0.039,51.9,16.9,32.5,35,19.4
13,4,167,0.2093,0.1938,0.0155,56,26.6,36.5,29.4,19.5
13,3,123,0.2367,0.1987,0.038,58.8,23.2,39.3,35.6,19.5
13,3,127,0.2233,0.1814,0.0419,61.1,26.2,41.6,34.9,19.5
17,3,101,0.303,0.267,0.036,47.6,26.4,28.1,21.2,19.5
19,3,92,0.196,0.176,0.02,55.9,32.2,36.4,23.7,19.5
19,3,87,0.348,0.278,0.07,50.1,22.9,30.6,27.2,19.5
20,4,149,0.201,0.191,0.01,36.3,16.8,16.8,19.5,19.5
15,3,126,0.09,0.077,0.013,44.1,6.5,24.5,37.6,19.6
20,3,106,0.246,0.22,0.026,38,10.7,18.4,27.3,19.6
20,2,54,0.412,0.381,0.031,29.2,10.3,9.6,18.9,19.6
21,3,94,0.284,0.25,0.034,50.1,16.1,30.5,34,19.6
15,3,110,0.125,0.107,0.018,41.9,11.8,22.2,30.1,19.7
16,4,8,0.2364,0.2198,0.0166,33.8,19.7,17.1,14.1,19.7
19,4,130,0.199,0.179,0.02,53.2,24.2,33.5,29,19.7
19,3,72,0.395,0.349,0.046,47.2,20.7,27.5,26.5,19.7
19,2,50,0.353,0.283,0.07,50,22.7,30.3,27.3,19.7
19,4,118,0.347,0.275,0.072,50.2,23,30.5,27.2,19.7
21,4,151,0.092,0.082,0.01,47.5,28.6,27.8,18.9,19.7
14,4,6,0.3166,0.3082,0.0084,39.4,11.7,19.6,27.7,19.8
16,4,14,0.234,0.214,0.02,32.2,19.8,3.8,12.4,19.8
16,4,6,0.2753,0.2536,0.0217,33.4,19.8,8.7,13.6,19.8
13,4,158,0.2414,0.2294,0.012,55,27.4,35.1,27.6,19.9
13,3,118,0.2785,0.2492,0.0293,58.7,20.8,38.8,37.9,19.9
17,3,107,0.234,0.203,0.031,52.5,17.6,32.6,34.9,19.9
20,4,166,0.116,0.1,0.016,37.6,22,17.7,15.6,19.9
21,4,124,0.281,0.269,0.012,54.3,29.9,34.4,24.4,19.9
15,3,96,0.267,0.235,0.032,44.2,14,24.2,30.2,20
16,4,20,0.1937,0.1736,0.0201,25.9,20,3.3,5.9,20
19,3,97,0.195,0.18,0.015,55.1,21.2,35.1,33.9,20
20,3,103,0.203,0.178,0.025,36.7,5.1,16.7,31.6,20
22,3,75,0.311,0.277,0.034,52.7,24.3,32.7,28.4,20
15,3,114,0.13,0.116,0.014,43.3,3.1,23.2,40.2,20.1
19,2,63,0.206,0.187,0.019,53.4,24.4,33.3,29,20.1
19,3,101,0.207,0.187,0.02,53.3,24.1,33.2,29.2,20.1
20,3,107,0.217,0.193,0.024,41,8.4,20.9,32.6,20.1
17,3,100,0.338,0.295,0.043,45.4,20.9,25,24.5,20.4
18,3,70,0.301,0.278,0.023,56.4,-1.4,36,57.8,20.4
21,3,107,0.122,0.102,0.02,50.4,22,30,28.4,20.4
17,3,111,0.228,0.192,0.036,45,20.9,24.5,24.1,20.5
19,2,37,0.415,0.365,0.05,46.1,15.1,25.6,31,20.5
19,3,74,0.415,0.365,0.05,46.1,15.5,25.5,30.6,20.6
19,4,105,0.418,0.368,0.05,46,15.1,25.4,30.9,20.6
20,3,114,0.226,0.201,0.025,35.1,7.2,14.5,27.9,20.6
21,4,128,0.242,0.23,0.012,53.3,32.2,32.7,21.1,20.6
13,3,130,0.1407,0.1103,0.0304,53.4,13.1,32.7,40.3,20.7
19,2,59,0.191,0.178,0.013,55.3,21.5,34.6,33.8,20.7
20,2,50,0.446,0.417,0.029,30.1,8,9.4,22.1,20.7
13,3,132,0.1434,0.1143,0.0291,52.9,12.4,32.1,40.5,20.8
14,3,10,0.3339,0.2981,0.0358,46,10.5,25.2,35.5,20.8
22,3,80,0.284,0.255,0.029,53.6,15.1,32.8,38.5,20.8
15,3,107,0.243,0.226,0.017,46.2,11.9,25.3,34.3,20.9
15,3,99,0.248,0.228,0.02,47.5,8,26.6,39.5,20.9
20,2,57,0.444,0.409,0.035,29.4,3.6,8.4,25.8,21
13,4,141,0.2522,0.2401,0.0121,49.1,-0.2,28,49.3,21.1
17,3,93,0.313,0.273,0.04,47.9,23.7,26.8,24.2,21.1
20,4,170,0.094,0.073,0.021,38.9,14.2,17.8,24.7,21.1
20,3,109,0.218,0.196,0.022,37.4,7,16.3,30.4,21.1
22,3,82,0.255,0.23,0.025,48.7,9.4,27.6,39.3,21.1
13,4,149,0.2772,0.2668,0.0104,57,26.7,35.8,30.3,21.2
13,3,133,0.1549,0.1203,0.0346,52.8,12.5,31.6,40.3,21.2
17,4,152,0.189,0.17,0.019,52.1,9.6,30.9,42.5,21.2
20,1,3,0.477,0.46,0.017,30.3,1.2,9.1,29.1,21.2
21,4,157,0.107,0.095,0.012,47,24.8,25.8,22.2,21.2
20,3,94,0.417,0.371,0.046,35.9,5.3,14.6,30.6,21.3
21,4,125,0.254,0.246,0.008,56,37.4,34.7,18.6,21.3
21,3,80,0.236,0.2,0.036,47.5,19.5,26.2,28,21.3
17,4,145,0.253,0.238,0.015,55.2,11.7,33.8,43.5,21.4
19,3,75,0.405,0.355,0.05,47.5,16,26.1,31.5,21.4
19,4,106,0.42,0.366,0.054,47.4,15.9,26,31.5,21.4
20,4,163,0.193,0.183,0.01,38.3,12.6,16.9,25.7,21.4
13,3,116,0.2782,0.2531,0.0251,58.7,15.5,37.2,43.2,21.5
21,4,137,0.137,0.13,0.007,55.3,35.5,33.8,19.8,21.5
14,4,13,0.3093,0.2936,0.0157,42.6,11.1,21,31.5,21.6
20,3,104,0.249,0.222,0.027,37.9,-1.1,16.3,39,21.6
21,4,120,0.228,0.217,0.011,46.9,31.3,25.3,15.6,21.6
14,3,20,0.3094,0.2746,0.0348,44.1,11.9,22.4,32.2,21.7
15,3,118,0.105,0.086,0.019,44.2,7.7,22.5,36.5,21.7
15,3,100,0.261,0.241,0.02,43.4,9,21.7,34.4,21.7
19,4,127,0.177,0.165,0.012,52.8,16.5,31.1,36.3,21.7
19,2,38,0.396,0.344,0.052,47.6,15.7,25.9,31.9,21.7
20,4,161,0.198,0.182,0.016,40.3,13.4,18.6,26.9,21.7
20,2,51,0.321,0.283,0.038,26.3,-2.1,4.6,28.4,21.7
21,2,77,0.114,0.105,0.009,47.6,25.7,25.9,21.9,21.7
21,3,98,0.271,0.243,0.028,53.1,16,31.4,37.1,21.7
20,2,55,0.453,0.422,0.031,27.5,2.1,5.7,25.4,21.8
21,3,99,0.273,0.244,0.029,53.3,17.1,31.5,36.2,21.8
19,2,60,0.181,0.168,0.013,52.6,16.3,30.7,36.3,21.9
20,2,53,0.396,0.371,0.025,31,7.8,9.1,23.2,21.9
14,4,9,0.2841,0.2736,0.0105,42,7.6,20,34.4,22
17,3,92,0.284,0.249,0.035,39.3,22.9,17.3,16.4,22
19,1,17,0.242,0.182,0.06,46.3,14,24.3,32.3,22
21,2,41,0.317,0.305,0.012,49.6,23.1,27.6,26.5,22
14,4,16,0.2726,0.2579,0.0147,43.7,10.7,21.6,33,22.1
17,3,110,0.215,0.179,0.036,50.8,25.1,28.7,25.7,22.1
21,4,158,0.103,0.092,0.011,45.2,29.6,23.1,15.6,22.1
21,3,101,0.296,0.259,0.037,56.2,12.7,34.1,43.5,22.1
13,3,109,0.2656,0.2389,0.0267,56,29.2,33.8,26.8,22.2
18,3,78,0.292,0.278,0.014,61.4,2.5,39.2,58.9,22.2
20,1,18,0.278,0.273,0.005,33.4,-14,11.2,47.4,22.2
20,4,160,0.2,0.188,0.012,34.2,16.3,12,17.9,22.2
13,4,178,0.1085,0.0953,0.0132,56.6,18,34.3,38.6,22.3
21,4,146,0.168,0.16,0.008,56.7,28.8,34.4,27.9,22.3
13,3,124,0.2225,0.1943,0.0282,58.9,18.7,36.5,40.2,22.4
14,4,1,0.2149,0.2023,0.0126,40.8,11.5,18.4,29.3,22.4
13,4,184,0.1322,0.1038,0.0284,53.9,9.5,31.4,44.4,22.5
13,3,119,0.2426,0.206,0.0366,58.7,18.5,36.2,40.2,22.5
15,3,109,0.167,0.142,0.025,46.5,7.1,24,39.4,22.5
17,3,109,0.21,0.168,0.042,52.4,24.4,29.9,28,22.5
20,3,110,0.213,0.186,0.027,36.7,4,14.2,32.7,22.5
21,3,104,0.139,0.124,0.015,51.6,17.6,29.1,34,22.5
19,1,19,0.151,0.141,0.01,55.3,32.6,32.7,22.7,22.6
19,3,96,0.186,0.175,0.011,56.4,25.3,33.8,31.1,22.6
19,1,22,0.165,0.152,0.013,52.6,21.4,30,31.2,22.6
19,1,3,0.517,0.439,0.078,44.2,13.7,21.6,30.5,22.6
21,3,112,0.139,0.12,0.019,51.2,17.8,28.6,33.4,22.6
13,3,134,0.1543,0.1187,0.0356,52.7,12.2,30,40.5,22.7
13,3,121,0.2473,0.2101,0.0372,59.2,24.6,36.5,34.6,22.7
18,3,67,0.349,0.326,0.023,54.3,-0.2,31.6,54.5,22.7
20,4,151,0.2,0.192,0.008,35.6,17,12.9,18.6,22.7
21,4,136,0.137,0.13,0.007,52.8,25.3,30.1,27.5,22.7
18,3,76,0.291,0.277,0.014,54.5,1.7,31.7,52.8,22.8
19,2,58,0.189,0.177,0.012,56.5,25.3,33.7,31.2,22.8
15,3,122,0.085,0.072,0.013,43.3,7.1,20.4,36.2,22.9
17,3,126,0.105,0.086,0.019,52.2,14.4,29.3,37.8,22.9
13,4,150,0.2657,0.2551,0.0106,56.7,27.7,33.7,29,23
19,1,23,0.147,0.138,0.009,54,27.3,31,26.7,23
21,4,148,0.154,0.146,0.008,55.1,23.7,32.1,31.4,23
21,3,90,0.284,0.253,0.031,50.7,17.9,27.7,32.8,23
15,3,95,0.323,0.295,0.028,43,9.2,19.9,33.8,23.1
16,4,3,0.3542,0.3276,0.0266,39.8,23.1,14.6,16.7,23.1
20,4,169,0.09,0.077,0.013,44.7,14.7,21.6,30,23.1
13,4,154,0.274,0.2606,0.0134,55.9,24.6,32.7,31.3,23.2
19,1,24,0.153,0.143,0.01,52.3,25.6,29.1,26.7,23.2
20,2,60,0.293,0.257,0.036,28.6,3.2,5.4,25.4,23.2
14,4,2,0.2616,0.2516,0.01,41.2,11.4,17.9,29.8,23.3
15,3,98,0.254,0.235,0.019,47.6,10.4,24.3,37.2,23.3
17,3,105,0.276,0.238,0.038,52.2,23.7,28.9,28.5,23.3
21,4,133,0.21,0.203,0.007,53,32.8,29.7,20.2,23.3
21,4,139,0.169,0.162,0.007,52.7,30.5,29.4,22.2,23.3
21,2,56,0.228,0.218,0.01,48.4,22.7,25.1,25.7,23.3
22,3,81,0.273,0.243,0.03,49.5,12.5,26.1,37,23.4
14,4,14,0.2967,0.2841,0.0126,45,13.9,21.5,31.1,23.5
15,3,108,0.352,0.335,0.017,51.5,11.9,28,39.6,23.5
18,3,80,0.266,0.251,0.015,59.4,4.7,35.9,54.7,23.5
19,4,112,0.259,0.239,0.02,57.5,26.3,34,31.2,23.5
20,2,59,0.403,0.373,0.03,30.3,5.2,6.8,25.1,23.5
21,4,132,0.275,0.264,0.011,54.5,32.5,31,22,23.5
13,3,117,0.2771,0.25,0.0271,58.4,18.3,34.8,40.1,23.6
18,3,59,0.326,0.283,0.043,56,12,32.4,44,23.6
19,3,80,0.398,0.366,0.032,50.4,20.3,26.8,30.1,23.6
13,4,176,0.1069,0.0965,0.0104,57.7,15.6,34,42.1,23.7
14,3,41,0.1397,0.1154,0.0243,36.7,-5.7,13,42.4,23.7
15,3,129,0.09,0.074,0.016,42.5,7.3,18.8,35.2,23.7
20,4,168,0.107,0.092,0.015,41,14.4,17.3,26.6,23.7
17,4,143,0.269,0.257,0.012,54.4,11,30.6,43.4,23.8
19,1,26,0.157,0.147,0.01,53.1,26.5,29.3,26.6,23.8
20,4,152,0.204,0.195,0.009,37.3,19,13.5,18.3,23.8
13,4,186,0.1164,0.1027,0.0137,56.1,18.7,32.2,37.4,23.9
14,3,16,0.2522,0.2154,0.0368,36.2,5.9,12.3,30.3,23.9
17,4,144,0.268,0.249,0.019,54.2,16.6,30.3,37.6,23.9
19,4,111,0.405,0.372,0.033,50.3,19.8,26.4,30.5,23.9
22,3,79,0.27,0.246,0.024,51.1,8.4,27.2,42.7,23.9
13,3,115,0.2205,0.1883,0.0322,54.7,43.4,30.7,11.3,24
19,3,81,0.254,0.232,0.022,57.6,25.9,33.6,31.7,24
20,4,159,0.207,0.198,0.009,34.8,18,10.8,16.8,24
22,3,74,0.382,0.344,0.038,54.1,16.7,30.1,37.4,24
15,3,124,0.084,0.072,0.012,42.5,4.7,18.4,37.8,24.1
17,3,104,0.301,0.264,0.037,49.7,12.4,25.6,37.3,24.1
18,3,71,0.269,0.252,0.017,53.4,-0.2,29.3,53.6,24.1
18,3,82,0.288,0.271,0.017,59.9,4,35.8,55.9,24.1
22,4,121,0.202,0.195,0.007,50.7,16.9,26.6,33.8,24.1
13,3,129,0.1429,0.117,0.0259,56.1,15.9,31.9,40.2,24.2
14,2,20,0.2747,0.2579,0.0168,41.1,18.8,16.9,22.3,24.2
18,3,62,0.339,0.316,0.023,55.6,2.4,31.4,53.2,24.2
20,4,139,0.322,0.3,0.022,35.6,18.9,11.4,16.7,24.2
17,4,149,0.168,0.158,0.01,57.3,13.1,33,44.2,24.3
19,1,33,0.189,0.17,0.019,51.3,15.8,27,35.5,24.3
19,2,69,0.231,0.208,0.023,56.3,20.8,32,35.5,24.3
21,3,110,0.14,0.115,0.025,50.1,11,25.8,39.1,24.3
17,4,159,0.164,0.151,0.013,53.5,10.5,29.1,43,24.4
19,4,126,0.179,0.166,0.013,58,21.1,33.6,36.9,24.4
19,1,1,0.53,0.483,0.047,41.4,12.6,17,28.8,24.4
20,1,4,0.459,0.444,0.015,35.6,2.2,11.2,33.4,24.4
20,4,162,0.179,0.164,0.015,36.5,11.1,12.1,25.4,24.4
20,2,61,0.31,0.283,0.027,32.5,8.6,8.1,23.9,24.4
21,4,154,0.123,0.112,0.011,52.1,29,27.7,23.1,24.4
14,2,18,0.2539,0.234,0.0199,38.7,13.5,14.2,25.2,24.5
19,4,136,0.221,0.198,0.023,56.6,20.8,32.1,35.8,24.5
22,4,118,0.225,0.218,0.007,49.8,15.7,25.3,34.1,24.5
14,4,4,0.2149,0.2055,0.0094,44.7,19.1,20.1,25.6,24.6
15,3,104,0.286,0.274,0.012,49.4,7.8,24.8,41.6,24.6
15,3,133,0.101,0.082,0.019,42.6,6.5,18,36.1,24.6
17,1,1,0.271,0.252,0.019,41.7,6.2,17.1,35.5,24.6
17,3,123,0.102,0.074,0.028,52.8,21.3,28.2,31.5,24.6
19,1,27,0.175,0.157,0.018,53.1,29.2,28.5,23.9,24.6
19,3,82,0.297,0.261,0.036,58.2,20,33.6,38.2,24.6
20,1,15,0.26,0.249,0.011,34.1,2.4,9.5,31.7,24.6
21,2,42,0.336,0.319,0.017,52.5,31.7,27.9,20.8,24.6
15,3,103,0.262,0.247,0.015,45.5,6.1,20.8,39.4,24.7
15,3,123,0.076,0.06,0.016,41.4,6.2,16.7,35.2,24.7
17,3,119,0.11,0.077,0.033,54.3,14.2,29.6,40.1,24.7
21,4,126,0.263,0.253,0.01,53.7,23.2,29,30.5,24.7
21,3,82,0.272,0.242,0.03,46.7,22,22,24.7,24.7
14,3,23,0.2923,0.2651,0.0272,42.9,4.1,18.1,38.8,24.8
19,1,11,0.255,0.202,0.053,50.9,22.3,26.1,28.6,24.8
21,3,91,0.259,0.212,0.047,48.7,13.9,23.9,34.8,24.8
22,3,83,0.221,0.195,0.026,51.2,11,26.4,40.2,24.8
13,3,112,0.2891,0.2586,0.0305,59,16.2,34.1,42.8,24.9
14,3,21,0.3027,0.269,0.0337,43.8,1.3,18.9,42.5,24.9
15,3,92,0.326,0.301,0.025,47.8,5.4,22.9,42.4,24.9
19,4,113,0.293,0.258,0.035,58.2,20,33.3,38.2,24.9
21,4,142,0.168,0.161,0.007,55.1,31.4,30.2,23.7,24.9
21,3,102,0.216,0.186,0.03,52.2,12.4,27.3,39.8,24.9
22,3,73,0.349,0.317,0.032,53.2,15.8,28.3,37.4,24.9
14,4,24,0.2296,0.2186,0.011,42,10.4,17,31.6,25
17,4,134,0.306,0.292,0.014,54.3,11.6,29.3,42.7,25
17,3,118,0.095,0.076,0.019,54.9,22.1,29.9,32.8,25
17,3,113,0.237,0.204,0.033,46.4,20.1,21.4,26.3,25
21,4,127,0.261,0.249,0.012,53.4,29.6,28.4,23.8,25
21,3,87,0.32,0.266,0.054,49.8,14.6,24.8,35.2,25
14,3,14,0.2848,0.2471,0.0377,45.4,10.5,20.3,34.9,25.1
20,2,52,0.403,0.367,0.036,28.5,3.4,3.4,25.1,25.1
14,3,9,0.3451,0.3002,0.0449,47.1,8.8,21.9,38.3,25.2
17,4,147,0.188,0.175,0.013,57.6,21.7,32.4,35.9,25.2
21,3,108,0.131,0.106,0.025,49.3,15.7,24.1,33.6,25.2
21,3,95,0.282,0.25,0.032,52.1,11.4,26.9,40.7,25.2
13,4,164,0.2246,0.2132,0.0114,52.7,22.6,27.4,30.1,25.3
13,4,175,0.1186,0.1027,0.0159,57.1,18.8,31.7,38.3,25.4
14,2,21,0.2353,0.2156,0.0197,39.1,3,13.7,36.1,25.4
19,1,13,0.28,0.214,0.066,51,19.4,25.6,31.6,25.4
21,2,73,0.109,0.093,0.016,50.2,24.2,24.8,26,25.4
21,2,46,0.225,0.204,0.021,52.4,22.7,27,29.7,25.4
13,4,165,0.219,0.2077,0.0113,56.9,24.2,31.4,32.7,25.5
13,4,145,0.3184,0.2993,0.0191,52.9,20.4,27.4,32.5,25.5
14,4,20,0.2236,0.2165,0.0071,39.5,15.4,14,24.1,25.5
17,3,124,0.114,0.094,0.02,52.9,18.1,27.4,34.8,25.5
18,3,63,0.324,0.295,0.029,54.8,4.1,29.3,50.7,25.5
19,4,137,0.264,0.245,0.019,54.2,19.8,28.7,34.4,25.5
14,2,2,0.2481,0.2292,0.0189,39.8,10.9,14.2,28.9,25.6
14,3,13,0.3032,0.2593,0.0439,43,4.5,17.4,38.5,25.6
17,3,114,0.22,0.181,0.039,48.3,17.4,22.7,30.9,25.6
19,4,132,0.203,0.176,0.027,53.4,16.7,27.8,36.7,25.6
22,4,116,0.269,0.265,0.004,55.4,21.9,29.8,33.5,25.6
15,3,127,0.081,0.063,0.018,41.4,4.9,15.7,36.5,25.7
15,3,120,0.088,0.066,0.022,44.4,9.8,18.7,34.6,25.7
17,3,99,0.328,0.294,0.034,50.3,22.4,24.6,27.9,25.7
17,3,112,0.2,0.166,0.034,51.1,18.6,25.4,32.5,25.7
19,2,61,0.201,0.181,0.02,55,22.8,29.2,32.2,25.8
17,3,108,0.207,0.169,0.038,51.5,20.8,25.6,30.7,25.9
17,3,115,0.208,0.169,0.039,48.4,20.6,22.5,27.8,25.9
18,3,69,0.316,0.292,0.024,53.5,-9.2,27.6,62.7,25.9
19,3,99,0.193,0.173,0.02,55.2,22.8,29.3,32.4,25.9
20,2,48,0.503,0.468,0.035,32.4,6.8,6.5,25.6,25.9
21,4,130,0.25,0.238,0.012,55.5,20.5,29.6,35,25.9
14,4,26,0.2186,0.2081,0.0105,42,9.6,15.9,32.4,26.1
14,2,4,0.2186,0.1965,0.0221,44.1,8.1,18,36,26.1
17,4,140,0.238,0.227,0.011,52.8,11.6,26.7,41.2,26.1
17,3,125,0.105,0.078,0.027,51.9,16.8,25.8,35.1,26.1
19,4,128,0.192,0.172,0.02,55.2,22.6,29.1,32.6,26.1
19,1,10,0.239,0.199,0.04,52,20.6,25.9,31.4,26.1
20,4,164,0.162,0.149,0.013,38.5,7.6,12.4,30.9,26.1
21,4,134,0.135,0.127,0.008,57.4,36.3,31.3,21.1,26.1
13,4,174,0.2295,0.2118,0.0177,58.6,23.9,32.4,34.7,26.2
17,3,128,0.104,0.083,0.021,53,11.7,26.8,41.3,26.2
19,2,70,0.27,0.25,0.02,53.9,20.4,27.7,33.5,26.2
22,4,124,0.213,0.206,0.007,49.8,19.5,23.6,30.3,26.2
22,2,42,0.207,0.199,0.008,53.7,18.8,27.5,34.9,26.2
14,2,17,0.294,0.2719,0.0221,42.3,11.2,16,31.1,26.3
15,4,162,0.111,0.101,0.01,44.3,3.3,18,41,26.3
15,3,105,0.269,0.253,0.016,48.1,11.5,21.8,36.6,26.3
15,3,93,0.334,0.311,0.023,51.2,8.7,24.9,42.5,26.3
17,4,162,0.098,0.091,0.007,63.5,12.9,37.2,50.6,26.3
17,3,103,0.31,0.275,0.035,49.7,21.8,23.4,27.9,26.3
18,3,60,0.347,0.316,0.031,56.7,9.4,30.4,47.3,26.3
19,3,94,0.191,0.176,0.015,53,12.3,26.7,40.7,26.3
19,2,67,0.217,0.197,0.02,54.1,15.9,27.8,38.2,26.3
21,3,118,0.109,0.083,0.026,49.1,15.2,22.8,33.9,26.3
17,3,116,0.219,0.181,0.038,46.9,20.9,20.5,26,26.4
22,4,120,0.215,0.207,0.008,52.3,22.5,25.9,29.8,26.4
14,3,1,0.244,0.2164,0.0276,46.2,17.5,19.7,28.7,26.5
20,4,171,0.096,0.078,0.018,45,15.9,18.5,29.1,26.5
21,3,103,0.139,0.114,0.025,51.1,7.4,24.5,43.7,26.6
17,4,157,0.18,0.171,0.009,54.8,12.4,28.1,42.4,26.7
17,3,120,0.1,0.08,0.02,52.9,11.5,26.2,41.4,26.7
14,4,17,0.2306,0.2181,0.0125,42.6,20.3,15.8,22.3,26.8
18,3,74,0.281,0.258,0.023,53.7,1.2,26.9,52.5,26.8
19,2,35,0.392,0.346,0.046,47,20.7,20.2,26.3,26.8
21,3,85,0.259,0.232,0.027,50.2,15,23.4,35.2,26.8
19,4,125,0.172,0.16,0.012,59.7,24.5,32.8,35.2,26.9
19,4,134,0.212,0.191,0.021,54.5,15.7,27.6,38.8,26.9
14,4,3,0.2548,0.2464,0.0084,43.7,18.8,16.7,24.9,27
15,3,128,0.085,0.072,0.013,41.9,5.1,14.9,36.8,27
19,2,44,0.252,0.231,0.021,57.6,22.5,30.6,35.1,27
20,1,8,0.417,0.391,0.026,28.2,-6,1.2,34.2,27
17,4,156,0.165,0.152,0.013,55.2,5.1,28.1,50.1,27.1
21,4,140,0.166,0.157,0.009,56.5,28.2,29.4,28.3,27.1
17,2,57,0.245,0.216,0.029,53.5,16.7,26.3,36.8,27.2
17,3,130,0.116,0.084,0.032,55,13.7,27.8,41.3,27.2
18,3,79,0.254,0.241,0.013,57.7,8.6,30.5,49.1,27.2
20,4,167,0.093,0.079,0.014,45.1,17.3,17.9,27.8,27.2
21,2,47,0.294,0.285,0.009,50.9,24.4,23.7,26.5,27.2
21,2,61,0.218,0.208,0.01,54.3,27.3,27.1,27,27.2
17,1,12,0.217,0.198,0.019,44.5,13.9,17.2,30.6,27.3
17,3,117,0.109,0.084,0.025,58.5,16.8,31.2,41.7,27.3
18,3,84,0.277,0.259,0.018,59.3,4.4,32,54.9,27.3
20,2,62,0.278,0.263,0.015,38.3,8.4,11,29.9,27.3
21,2,74,0.094,0.083,0.011,49.9,22.6,22.6,27.3,27.3
21,2,54,0.266,0.253,0.013,51.4,20.6,24.1,30.8,27.3
21,3,116,0.112,0.097,0.015,49.4,19,22.1,30.4,27.3
14,4,15,0.3051,0.2915,0.0136,43.9,18.6,16.5,25.3,27.4
17,4,142,0.254,0.238,0.016,53.5,13.5,26.1,40,27.4
19,2,45,0.284,0.248,0.036,58.3,20.1,30.9,38.2,27.4
20,2,63,0.265,0.249,0.016,37.1,5.2,9.7,31.9,27.4
21,3,81,0.27,0.238,0.032,49.5,25,22.1,24.5,27.4
21,3,86,0.291,0.244,0.047,52.1,14.4,24.7,37.7,27.4
13,3,120,0.2353,0.1975,0.0378,59.1,12.9,31.6,46.2,27.5
15,3,102,0.288,0.274,0.014,47.2,3.7,19.7,43.5,27.5
17,4,139,0.27,0.255,0.015,54.5,11.2,27,43.3,27.5
19,1,29,0.169,0.144,0.025,54.4,20.8,26.9,33.6,27.5
19,2,43,0.368,0.337,0.031,53.7,19.8,26.2,33.9,27.5
19,2,48,0.313,0.272,0.041,52,14.8,24.5,37.2,27.5
22,4,117,0.247,0.241,0.006,54.1,18.3,26.6,35.8,27.5
14,3,46,0.137,0.1088,0.0282,35.5,-4,7.9,39.5,27.6
18,3,66,0.316,0.287,0.029,56.8,-2.2,29.2,59,27.6
19,4,116,0.318,0.277,0.041,51.9,14.9,24.3,37,27.6
20,2,73,0.115,0.097,0.018,37.6,0.5,10,37.1,27.6
21,4,147,0.178,0.169,0.009,56,33.4,28.4,22.6,27.6
13,4,179,0.103,0.0896,0.0134,58.8,19.6,31.1,39.2,27.7
17,4,153,0.171,0.154,0.017,53.8,7.1,26.1,46.7,27.7
20,2,47,0.465,0.423,0.042,34.6,5.2,6.9,29.4,27.7
14,2,1,0.2265,0.2081,0.0184,39.4,10.8,11.6,28.6,27.8
14,2,5,0.235,0.216,0.019,44.2,18,16.4,26.2,27.8
17,3,95,0.322,0.274,0.048,48.3,16.4,20.5,31.9,27.8
19,3,76,0.384,0.321,0.063,55.7,15.6,27.9,40.1,27.8
21,3,105,0.141,0.125,0.016,50.2,12.9,22.4,37.3,27.8
16,4,2,0.2726,0.2502,0.0224,29.7,27.9,21.6,1.8,27.9
19,1,20,0.14,0.13,0.01,59.4,28.2,31.5,31.2,27.9
19,4,107,0.381,0.316,0.065,55.8,15.6,27.9,40.2,27.9
20,1,9,0.426,0.408,0.018,35.2,-0.2,7.3,35.4,27.9
21,2,64,0.224,0.215,0.009,54,24.6,26.1,29.4,27.9
21,4,152,0.11,0.1,0.01,51.9,27.2,24,24.7,27.9
14,3,26,0.2908,0.2611,0.0297,43.6,7.2,15.6,36.4,28
13,4,173,0.234,0.2214,0.0126,56,19.1,27.9,36.9,28.1
19,1,25,0.143,0.132,0.011,54.3,27.8,26.2,26.5,28.1
19,1,32,0.181,0.144,0.037,53.1,15,25,38.1,28.1
19,2,39,0.375,0.31,0.065,55.8,15.6,27.7,40.2,28.1
20,2,56,0.442,0.404,0.038,31.4,1.2,3.3,30.2,28.1
21,2,76,0.095,0.088,0.007,46.7,28.7,18.6,18,28.1
21,2,78,0.09,0.083,0.007,50.6,20.8,22.5,29.8,28.1
21,2,57,0.249,0.24,0.009,55,31,26.9,24,28.1
13,4,157,0.2475,0.236,0.0115,56.1,24.7,27.9,31.4,28.2
14,2,19,0.2561,0.2266,0.0295,37.7,10.4,9.5,27.3,28.2
17,4,154,0.171,0.16,0.011,54.5,4,26.3,50.5,28.2
18,3,72,0.28,0.263,0.017,59.3,2.9,31.1,56.4,28.2
18,3,61,0.351,0.321,0.03,54.8,-2.8,26.6,57.6,28.2
19,1,18,0.338,0.301,0.037,43.5,12.7,15.3,30.8,28.2
17,4,161,0.174,0.161,0.013,53.5,6.2,25.2,47.3,28.3
17,2,52,0.275,0.247,0.028,53.7,12.7,25.4,41,28.3
19,3,85,0.302,0.263,0.039,52.2,15.5,23.9,36.7,28.3
20,4,141,0.315,0.297,0.018,41.9,17,13.6,24.9,28.3
22,3,89,0.166,0.154,0.012,56,-0.09,27.7,56.09,28.3
14,2,13,0.3288,0.3035,0.0253,44.9,12.9,16.5,32,28.4
19,4,131,0.21,0.189,0.021,57.7,14.9,29.3,42.8,28.4
21,2,52,0.251,0.236,0.015,50.4,23.6,22,26.8,28.4
22,3,72,0.328,0.294,0.034,55.8,14.5,27.4,41.3,28.4
13,4,182,0.1147,0.0926,0.0221,56.6,25,28.1,31.6,28.5
15,4,135,0.321,0.315,0.006,52.5,24,24,28.5,28.5
15,4,138,0.35,0.341,0.009,45.2,12.9,16.7,32.3,28.5
17,4,155,0.178,0.17,0.008,55.8,8.1,27.3,47.7,28.5
17,4,132,0.355,0.344,0.011,46.9,7.5,18.4,39.4,28.5
17,4,148,0.194,0.179,0.015,57.3,10.9,28.8,46.4,28.5
19,1,21,0.158,0.146,0.012,52.1,19.9,23.6,32.2,28.5
21,2,63,0.237,0.228,0.009,55.9,32,27.4,23.9,28.5
14,4,29,0.1284,0.1148,0.0136,44.4,-7.9,15.8,52.3,28.6
13,4,170,0.2037,0.1923,0.0114,58.3,26.6,29.6,31.7,28.7
19,2,40,0.391,0.351,0.04,55.8,25.2,27.1,30.6,28.7
19,3,77,0.413,0.373,0.04,55.6,25,26.9,30.6,28.7
19,1,8,0.409,0.322,0.087,50.9,16.1,22.2,34.8,28.7
21,2,68,0.229,0.219,0.01,54.4,22.3,25.7,32.1,28.7
21,2,51,0.252,0.234,0.018,50.6,17.2,21.9,33.4,28.7
13,4,162,0.2357,0.2264,0.0093,53.9,24.4,25.1,29.5,28.8
13,3,137,0.1248,0.1067,0.0181,50,7.6,21.2,42.4,28.8
14,2,29,0.1595,0.1447,0.0148,43.8,11.9,15,31.9,28.8
21,2,62,0.23,0.219,0.011,52.2,23.2,23.4,29,28.8
21,2,45,0.326,0.31,0.016,52.5,25.8,23.7,26.7,28.8
21,3,119,0.119,0.102,0.017,52,19.3,23.2,32.7,28.8
14,3,27,0.2943,0.2591,0.0352,44.1,-5.7,15.2,49.8,28.9
19,3,100,0.203,0.183,0.02,58.5,24.5,29.6,34,28.9
22,4,111,0.332,0.33,0.002,49.8,22.1,20.9,27.7,28.9
14,4,25,0.239,0.2275,0.0115,45.2,7.3,16.2,37.9,29
19,4,108,0.407,0.366,0.041,55.7,25,26.7,30.7,29
20,3,115,0.235,0.205,0.03,37.6,4.3,8.6,33.3,29
14,2,10,0.313,0.294,0.019,42.4,15.8,13.3,26.6,29.1
19,2,65,0.197,0.178,0.019,53.1,13.6,24,39.5,29.1
19,4,129,0.203,0.183,0.02,58.5,24.5,29.4,34,29.1
21,4,144,0.162,0.155,0.007,56.7,25.8,27.6,30.9,29.1
13,2,54,0.2641,0.2471,0.017,53.9,24.3,24.7,29.6,29.2
13,2,51,0.266,0.2475,0.0185,50.8,8.4,21.6,42.4,29.2
17,4,158,0.166,0.152,0.014,55.2,7.5,26,47.7,29.2
19,4,123,0.145,0.129,0.016,55.8,11.5,26.6,44.3,29.2
20,4,165,0.192,0.183,0.009,39.1,13.3,9.9,25.8,29.2
20,2,64,0.255,0.238,0.017,37.2,6.3,8,30.9,29.2
21,2,43,0.337,0.32,0.017,53.5,21.4,24.3,32.1,29.2
14,4,10,0.3114,0.2972,0.0142,47.7,8.1,18.4,39.6,29.3
14,3,5,0.3004,0.2655,0.0349,43.8,9.9,14.5,33.9,29.3
15,3,97,0.251,0.227,0.024,46.9,8.1,17.6,38.8,29.3
19,2,62,0.209,0.19,0.019,58.4,24.3,29.1,34.1,29.3
21,4,145,0.167,0.159,0.008,56.2,27.6,26.9,28.6,29.3
17,2,55,0.287,0.268,0.019,53.4,16.4,24,37,29.4
18,3,81,0.251,0.232,0.019,62.1,4.4,32.7,57.7,29.4
18,3,68,0.332,0.303,0.029,57.6,-5.3,28.2,62.9,29.4
20,2,77,0.107,0.09,0.017,38.8,8.1,9.4,30.7,29.4
13,4,180,0.1271,0.1053,0.0218,56.1,27.7,26.6,28.4,29.5
14,3,22,0.3442,0.3042,0.04,43.3,2.2,13.8,41.1,29.5
17,4,150,0.167,0.152,0.015,55.9,12.5,26.4,43.4,29.5
17,2,51,0.294,0.271,0.023,57.1,19.9,27.6,37.2,29.5
20,3,112,0.23,0.205,0.025,37.6,-0.7,8.1,38.3,29.5
21,3,111,0.15,0.141,0.009,51.9,10.9,22.4,41,29.5
19,4,109,0.459,0.419,0.04,56.2,23.5,26.6,32.7,29.6
20,2,69,0.254,0.236,0.018,35.9,4.7,6.3,31.2,29.6
21,4,135,0.143,0.136,0.007,56.9,30.2,27.3,26.7,29.6
21,2,55,0.284,0.268,0.016,52.7,25.5,23.1,27.2,29.6
19,2,36,0.366,0.317,0.049,56.1,15.2,26.4,40.9,29.7
17,4,135,0.296,0.281,0.015,56.2,16.1,26.4,40.1,29.8
18,3,88,0.296,0.283,0.013,60.8,-2.2,31,63,29.8
19,3,78,0.453,0.413,0.04,56.4,23.4,26.6,33,29.8
19,1,16,0.237,0.195,0.042,51.3,12.6,21.5,38.7,29.8
13,4,172,0.2096,0.1981,0.0115,57.4,27.8,27.5,29.6,29.9
17,4,136,0.262,0.246,0.016,55.2,18.6,25.3,36.6,29.9
17,3,102,0.312,0.278,0.034,51,20.3,21.1,30.7,29.9
19,2,41,0.437,0.396,0.041,56.4,23.6,26.5,32.8,29.9
19,4,104,0.367,0.319,0.048,56.1,15.1,26.2,41,29.9
14,3,8,0.2527,0.2249,0.0278,39.2,18,9.2,21.2,30
20,2,67,0.263,0.238,0.025,36.4,1.1,6.4,35.3,30
20,2,46,0.427,0.398,0.029,33.2,-1.8,3.2,35,30
21,3,92,0.27,0.225,0.045,53.4,16,23.4,37.4,30
14,2,25,0.1959,0.1806,0.0153,37.1,3.7,7,33.4,30.1
18,3,87,0.274,0.254,0.02,60.6,3,30.5,57.6,30.1
19,2,64,0.216,0.194,0.022,57.7,13.4,27.6,44.3,30.1
19,4,121,0.342,0.3,0.042,51.2,13,21.1,38.2,30.1
19,3,73,0.367,0.32,0.047,56.1,15.1,26,41,30.1
19,1,9,0.41,0.342,0.068,40.3,13.7,10.2,26.6,30.1
20,2,79,0.099,0.079,0.02,41.1,3.4,11,37.7,30.1
20,2,58,0.428,0.397,0.031,29.8,7.1,-0.3,22.7,30.1
21,2,48,0.262,0.249,0.013,53.6,24.9,23.5,28.7,30.1
21,2,53,0.265,0.249,0.016,50,21.3,19.9,28.7,30.1
13,3,135,0.1446,0.1216,0.023,53.6,0.07,23.4,53.53,30.2
19,1,30,0.165,0.154,0.011,55.1,16.6,24.9,38.5,30.2
19,4,135,0.191,0.171,0.02,58.3,19,28.1,39.3,30.2
21,2,66,0.224,0.216,0.008,55.3,27.9,25.1,27.4,30.2
22,4,114,0.334,0.329,0.005,53.2,26.6,23,26.6,30.2
13,4,160,0.2423,0.2286,0.0137,56.2,28.9,25.9,27.3,30.3
13,3,131,0.1182,0.1032,0.015,52.8,6,22.5,46.8,30.3
14,2,22,0.2235,0.2008,0.0227,38.3,8.4,8,29.9,30.3
15,4,152,0.312,0.304,0.008,46.9,15.6,16.6,31.3,30.3
19,2,68,0.203,0.183,0.02,58.2,18.7,27.9,39.5,30.3
19,4,133,0.211,0.18,0.031,55.4,24.4,25.1,31,30.3
21,2,59,0.246,0.238,0.008,56.4,25.4,26.1,31,30.3
21,1,3,0.284,0.269,0.015,48.8,20.9,18.5,27.9,30.3
22,2,44,0.236,0.226,0.01,55,11.8,24.7,43.2,30.3
14,2,12,0.3604,0.3414,0.019,43.3,13.5,12.9,29.8,30.4
15,4,141,0.337,0.328,0.009,47.5,13.2,17.1,34.3,30.4
20,1,37,0.107,0.1,0.007,36.1,-5.1,5.7,41.2,30.4
19,3,102,0.21,0.183,0.027,57.5,14.2,27,43.3,30.5
19,1,31,0.18,0.147,0.033,53.1,18.6,22.6,34.5,30.5
19,3,79,0.439,0.4,0.039,52.5,16.8,22,35.7,30.5
19,2,42,0.435,0.395,0.04,52.5,16.9,22,35.6,30.5
15,3,94,0.339,0.306,0.033,49.7,-0.6,19.1,50.3,30.6
17,1,28,0.211,0.193,0.018,42.7,15.6,12.1,27.1,30.6
17,2,60,0.238,0.211,0.027,52.6,14.7,22,37.9,30.6
17,3,129,0.113,0.086,0.027,52.9,17.9,22.3,35,30.6
19,4,110,0.456,0.416,0.04,52.4,16.7,21.8,35.7,30.6
20,1,6,0.403,0.388,0.015,32.6,-5.4,2,38,30.6
20,2,71,0.264,0.246,0.018,36.2,8.7,5.6,27.5,30.6
21,3,113,0.113,0.104,0.009,51,13.2,20.4,37.8,30.6
22,2,38,0.315,0.304,0.011,53.7,23.9,23.1,29.8,30.6
14,3,25,0.2868,0.2562,0.0306,44.6,-0.5,13.9,45.1,30.7
20,2,81,0.103,0.087,0.016,36.3,9.2,5.6,27.1,30.7
18,3,73,0.265,0.251,0.014,56.7,-2.8,25.9,59.5,30.8
19,2,66,0.216,0.185,0.031,55.6,24.2,24.8,31.4,30.8
15,2,62,0.098,0.088,0.01,48.1,11,17.2,37.1,30.9
15,4,158,0.115,0.103,0.012,45.3,1.2,14.4,44.1,30.9
22,3,91,0.161,0.147,0.014,56.6,3,25.7,53.6,30.9
17,2,58,0.249,0.223,0.026,51.7,14.5,20.7,37.2,31
19,2,49,0.315,0.284,0.031,55.7,15.3,24.7,40.4,31
20,1,17,0.255,0.245,0.01,36.4,-5.5,5.4,41.9,31
20,2,65,0.287,0.271,0.016,37.7,2.3,6.7,35.4,31
22,3,107,0.117,0.107,0.01,58,10.7,27,47.3,31
15,4,165,0.071,0.065,0.006,44.5,9.3,13.4,35.2,31.1
17,3,131,0.112,0.087,0.025,55.6,18.6,24.5,37,31.1
19,1,14,0.242,0.206,0.036,53.4,19.5,22.3,33.9,31.1
22,3,93,0.164,0.154,0.01,53.3,6.6,22.2,46.7,31.1
13,4,155,0.2562,0.2467,0.0095,54,23.2,22.8,30.8,31.2
15,4,150,0.337,0.327,0.01,48.2,13.4,17,34.8,31.2
19,4,117,0.313,0.28,0.033,55.7,15.4,24.5,40.3,31.2
20,1,40,0.094,0.086,0.008,42,-11.3,10.8,53.3,31.2
22,2,51,0.221,0.213,0.008,52.4,12.9,21.2,39.5,31.2
13,4,183,0.1235,0.1059,0.0176,57.9,18.8,26.6,39.1,31.3
14,4,11,0.3292,0.3124,0.0168,48,6.2,16.7,41.8,31.3
15,3,91,0.331,0.304,0.027,54.7,8.6,23.4,46.1,31.3
18,3,75,0.31,0.292,0.018,55,-0.7,23.7,55.7,31.3
19,1,15,0.243,0.198,0.045,53.4,15.4,22.1,38,31.3
19,3,90,0.358,0.313,0.045,50.8,10.9,19.5,39.9,31.3
20,1,2,0.463,0.441,0.022,36,-8.6,4.7,44.6,31.3
19,2,53,0.343,0.299,0.044,51.1,10.8,19.7,40.3,31.4
20,1,21,0.233,0.227,0.006,39.2,-12.1,7.8,51.3,31.4
20,2,83,0.102,0.08,0.022,36.4,3.5,5,32.9,31.4
21,1,7,0.247,0.233,0.014,50.6,16.5,19.2,34.1,31.4
22,4,130,0.113,0.108,0.005,58.5,17,27.1,41.5,31.4
14,2,3,0.2387,0.2308,0.0079,44.5,9.1,13,35.4,31.5
15,4,166,0.119,0.11,0.009,43.9,5.9,12.4,38,31.5
17,4,137,0.251,0.236,0.015,57.8,16.9,26.3,40.9,31.5
22,3,94,0.159,0.146,0.013,53.9,3.4,22.4,50.5,31.5
13,4,181,0.1128,0.093,0.0198,55.7,18.1,24.1,37.6,31.6
15,4,142,0.309,0.301,0.008,47.8,11.3,16.2,36.5,31.6
21,2,50,0.273,0.258,0.015,53.4,17.5,21.8,35.9,31.6
21,3,109,0.149,0.116,0.033,51.5,13.9,19.9,37.6,31.6
22,3,86,0.147,0.136,0.011,54.3,10.7,22.7,43.6,31.6
14,2,14,0.3098,0.2803,0.0295,45.6,12.2,13.9,33.4,31.7
17,3,96,0.334,0.283,0.051,46.9,11.5,15.2,35.4,31.7
14,4,28,0.1496,0.1247,0.0249,42.3,-7.2,10.5,49.5,31.8
17,2,59,0.255,0.255,1e-04,55,20,23.2,35,31.8
17,4,163,0.101,0.091,0.01,60.2,7,28.4,53.2,31.8
20,1,45,0.115,0.112,0.003,38.7,-4.4,6.9,43.1,31.8
14,4,22,0.2422,0.2317,0.0105,42,-2,10.1,44,31.9
14,2,11,0.3435,0.3119,0.0316,40.9,14.1,9,26.8,31.9
15,4,145,0.334,0.326,0.008,49.7,9.4,17.8,40.3,31.9
20,2,76,0.08,0.063,0.017,44.5,7.6,12.6,36.9,31.9
21,2,49,0.263,0.249,0.014,51.1,22.2,19.2,28.9,31.9
22,3,102,0.115,0.105,0.01,61.2,9.9,29.3,51.3,31.9
15,4,170,0.226,0.218,0.008,45.2,11,13.2,34.2,32
21,4,150,0.096,0.08,0.016,55.6,20.5,23.6,35.1,32
14,2,24,0.2053,0.1905,0.0148,37.3,6.7,5.2,30.6,32.1
14,2,7,0.2592,0.2424,0.0168,42.2,10.4,10.1,31.8,32.1
17,3,97,0.322,0.266,0.056,47.4,12.7,15.3,34.7,32.1
22,2,49,0.212,0.203,0.009,53.1,15.9,21,37.2,32.1
17,4,164,0.105,0.089,0.016,57.6,9.4,25.4,48.2,32.2
16,4,13,0.2195,0.2005,0.019,35.6,32.3,12.1,3.3,32.3
17,1,8,0.284,0.264,0.02,51.5,13.2,19.2,38.3,32.3
17,2,68,0.181,0.152,0.029,52.1,16.5,19.8,35.6,32.3
18,4,116,0.223,0.214,0.009,57.8,6.5,25.5,51.3,32.3
22,4,134,0.114,0.11,0.004,59.3,15,27,44.3,32.3
22,4,141,0.107,0.101,0.006,58.7,20.4,26.4,38.3,32.3
14,2,6,0.2561,0.235,0.0211,46,9.4,13.6,36.6,32.4
14,2,9,0.3193,0.2919,0.0274,43.8,6.1,11.4,37.7,32.4
17,1,23,0.18,0.161,0.019,50.1,13.4,17.7,36.7,32.4
19,1,28,0.165,0.147,0.018,56.9,21.7,24.5,35.2,32.4
19,3,86,0.313,0.283,0.03,55.8,15,23.4,40.8,32.4
21,2,79,0.095,0.085,0.01,50.8,29.7,18.4,21.1,32.4
22,4,145,0.103,0.099,0.004,59.5,19.6,27.1,39.9,32.4
22,3,97,0.083,0.076,0.007,58.6,13.9,26.2,44.7,32.4
22,2,45,0.227,0.217,0.01,52.9,9.4,20.5,43.5,32.4
13,1,9,0.2122,0.201,0.0112,53.3,12.6,20.8,40.7,32.5
17,4,138,0.247,0.232,0.015,58.2,11.1,25.7,47.1,32.5
18,3,85,0.266,0.249,0.017,60.3,-0.2,27.8,60.5,32.5
20,1,38,0.12,0.113,0.007,38.5,-4.6,6,43.1,32.5
20,2,72,0.243,0.227,0.016,36.8,3.2,4.3,33.6,32.5
21,3,93,0.281,0.253,0.028,53,10.1,20.5,42.9,32.5
17,2,69,0.18,0.152,0.028,52.5,14.7,19.9,37.8,32.6
21,2,44,0.321,0.308,0.013,55.5,15.6,22.9,39.9,32.6
22,4,137,0.123,0.118,0.005,60.3,23.9,27.7,36.4,32.6
22,3,84,0.138,0.12,0.018,55.7,17.5,23.1,38.2,32.6
13,4,163,0.2126,0.2025,0.0101,53.8,20.6,21,33.2,32.8
14,4,23,0.1772,0.1672,0.01,43,9.3,10.2,33.7,32.8
15,4,156,0.096,0.091,0.005,46.8,11.4,14,35.4,32.8
20,1,22,0.233,0.225,0.008,37.2,-14.3,4.4,51.5,32.8
20,2,70,0.289,0.267,0.022,38.2,4.7,5.4,33.5,32.8
21,2,67,0.22,0.209,0.011,55.9,25,23.1,30.9,32.8
22,4,122,0.177,0.169,0.008,53.2,18.8,20.4,34.4,32.8
15,4,167,0.08,0.072,0.008,44.5,-2.3,11.6,46.8,32.9
17,2,61,0.215,0.194,0.021,55.9,15.6,23,40.3,32.9
17,1,7,0.264,0.246,0.018,56.6,11.4,23.6,45.2,33
21,2,75,0.12,0.11,0.01,50.4,21.9,17.4,28.5,33
13,2,55,0.2466,0.2289,0.0177,55.1,-7.6,22,62.7,33.1
17,2,56,0.272,0.247,0.025,51.6,12.8,18.5,38.8,33.1
17,3,121,0.108,0.074,0.034,52.3,12.5,19.2,39.8,33.1
18,4,115,0.2,0.193,0.007,60.5,3.7,27.4,56.8,33.1
22,2,40,0.34,0.332,0.008,56.4,24.5,23.3,31.9,33.1
15,4,143,0.32,0.312,0.008,47.3,9.5,14.1,37.8,33.2
17,2,71,0.165,0.136,0.029,56.1,13.6,22.9,42.5,33.2
22,4,126,0.11,0.106,0.004,59.8,21.2,26.6,38.6,33.2
22,2,43,0.216,0.208,0.008,53.8,20.6,20.6,33.2,33.2
22,3,90,0.163,0.155,0.008,54.1,11.6,20.9,42.5,33.2
22,3,100,0.129,0.119,0.01,58.7,8.6,25.4,50.1,33.3
13,1,7,0.2123,0.2025,0.0098,56.8,-16.4,23.4,73.2,33.4
15,4,169,0.086,0.077,0.009,46,3.9,12.6,42.1,33.4
19,3,83,0.298,0.259,0.039,60.9,21,27.5,39.9,33.4
19,3,84,0.34,0.3,0.04,58,16.1,24.6,41.9,33.4
22,4,129,0.127,0.123,0.004,58.4,15.9,25,42.5,33.4
14,1,18,0.2161,0.2034,0.0127,34,-13.7,0.5,47.7,33.5
14,3,24,0.2957,0.2582,0.0375,44.5,-14.5,11,59,33.5
16,4,1,0.3305,0.301,0.0295,37.2,33.5,19.8,3.7,33.5
17,1,2,0.295,0.275,0.02,48.4,4.2,14.9,44.2,33.5
20,2,78,0.094,0.074,0.02,39.2,7.3,5.7,31.9,33.5
20,2,68,0.262,0.241,0.021,39.8,7.7,6.3,32.1,33.5
15,4,140,0.331,0.321,0.01,52.8,9.4,19.2,43.4,33.6
17,4,167,0.133,0.121,0.012,56.8,6.6,23.2,50.2,33.6
17,4,165,0.134,0.117,0.017,59,3.3,25.4,55.7,33.6
17,1,25,0.191,0.17,0.021,44.9,12,11.3,32.9,33.6
15,4,155,0.097,0.089,0.008,48.2,8.9,14.5,39.3,33.7
22,4,127,0.12,0.115,0.005,60,20.3,26.3,39.7,33.7
13,1,15,0.2151,0.2058,0.0093,55.7,2.6,21.9,53.1,33.8
13,4,185,0.1267,0.1135,0.0132,56.2,18.3,22.4,37.9,33.8
17,1,26,0.188,0.167,0.021,43.3,15.7,9.5,27.6,33.8
20,1,14,0.322,0.307,0.015,32.9,-6.6,-0.9,39.5,33.8
21,1,6,0.276,0.261,0.015,50,7.1,16.2,42.9,33.8
22,3,103,0.104,0.095,0.009,58.1,9.4,24.3,48.7,33.8
14,3,2,0.3028,0.271,0.0318,48,0.7,14.1,47.3,33.9
15,4,149,0.339,0.332,0.007,48.5,14.2,14.6,34.3,33.9
17,4,160,0.162,0.151,0.011,55.4,7,21.5,48.4,33.9
19,2,46,0.277,0.238,0.039,61.3,21.1,27.4,40.2,33.9
20,1,41,0.096,0.088,0.008,40.3,-11.2,6.4,51.5,33.9
20,1,1,0.45,0.437,0.013,29,-8.1,-4.9,37.1,33.9
17,2,70,0.174,0.149,0.025,55.1,20,21.1,35.1,34
18,3,86,0.295,0.28,0.015,58.1,1,24.1,57.1,34
19,2,47,0.325,0.287,0.038,58.2,15.9,24.2,42.3,34
19,4,114,0.279,0.239,0.04,61.3,21.1,27.3,40.2,34
20,1,33,0.095,0.089,0.006,40.8,-0.6,6.8,41.4,34
20,1,24,0.242,0.235,0.007,37.8,-10.2,3.8,48,34
20,1,35,0.099,0.081,0.018,43.7,-9.1,9.7,52.8,34
20,2,66,0.27,0.251,0.019,36.6,5.8,2.6,30.8,34
22,2,48,0.199,0.194,0.005,55.3,14.5,21.3,40.8,34
17,1,22,0.181,0.162,0.019,50.5,18.3,16.4,32.2,34.1
19,3,88,0.312,0.279,0.033,54.1,18.1,20,36,34.1
20,1,16,0.261,0.253,0.008,34.7,-11.5,0.6,46.2,34.1
21,2,58,0.239,0.231,0.008,55.9,33.1,21.8,22.8,34.1
14,3,42,0.1454,0.1271,0.0183,43.6,-14.9,9.4,58.5,34.2
19,2,51,0.319,0.285,0.034,54,18.1,19.8,35.9,34.2
20,1,7,0.428,0.415,0.013,37.2,-10.2,3,47.4,34.2
22,2,55,0.104,0.099,0.005,57.5,16.8,23.3,40.7,34.2
14,3,11,0.3339,0.2951,0.0388,46.5,14,12.2,32.5,34.3
15,4,163,0.083,0.077,0.006,47.3,3.1,13,44.2,34.3
15,2,50,0.264,0.249,0.015,46.2,6.4,11.9,39.8,34.3
19,4,119,0.315,0.281,0.034,54.1,17.9,19.8,36.2,34.3
20,1,19,0.251,0.238,0.013,36.1,-13.1,1.8,49.2,34.3
21,2,70,0.183,0.171,0.012,52.2,22,17.9,30.2,34.3
14,3,48,0.1357,0.1112,0.0245,36.4,-6.4,2,42.8,34.4
18,3,77,0.262,0.241,0.021,64.6,0.004,30.2,64.596,34.4
19,2,52,0.333,0.279,0.054,56.3,15,21.9,41.3,34.4
21,2,65,0.243,0.232,0.011,54.9,27.9,20.5,27,34.4
21,3,96,0.268,0.241,0.027,54.8,13.4,20.4,41.4,34.4
22,4,140,0.102,0.098,0.004,59.1,18.8,24.7,40.3,34.4
13,4,171,0.2322,0.2198,0.0124,59,23.3,24.5,35.7,34.5
14,2,16,0.3214,0.2929,0.0285,44.4,6.9,9.9,37.5,34.5
17,2,74,0.173,0.148,0.025,51.3,10.6,16.8,40.7,34.5
17,2,75,0.177,0.15,0.027,51.5,13.8,17,37.7,34.5
19,3,89,0.331,0.277,0.054,56.4,14.9,21.9,41.5,34.5
19,4,120,0.337,0.283,0.054,56.3,15.1,21.8,41.2,34.5
21,2,60,0.223,0.214,0.009,55.5,24.5,21,31,34.5
15,4,148,0.34,0.334,0.006,49.9,8.6,15.3,41.3,34.6
22,4,146,0.112,0.107,0.005,61,19.1,26.4,41.9,34.6
22,1,20,0.107,0.101,0.006,60.2,-3.3,25.6,63.5,34.6
14,2,28,0.2048,0.1836,0.0212,41.5,6.2,6.8,35.3,34.7
14,3,4,0.2941,0.2639,0.0302,44.6,7.8,9.9,36.8,34.7
15,2,53,0.238,0.226,0.012,47.1,0.09,12.4,47.01,34.7
22,3,99,0.103,0.096,0.007,58.8,9.7,24.1,49.1,34.7
14,4,36,0.1205,0.1001,0.0204,41.8,-12.5,7,54.3,34.8
18,4,89,0.269,0.259,0.01,58.2,1.9,23.4,56.3,34.8
19,4,115,0.34,0.303,0.037,58,15.7,23.2,42.3,34.8
20,1,36,0.12,0.114,0.006,38.8,-10.2,4,49,34.8
22,4,142,0.099,0.094,0.005,59.6,8.7,24.8,50.9,34.8
13,2,53,0.2609,0.2453,0.0156,56.4,16.7,21.5,39.7,34.9
17,3,122,0.12,0.094,0.026,53.1,11,18.2,42.1,34.9
22,4,123,0.186,0.178,0.008,54.6,15.3,19.7,39.3,34.9
13,1,21,0.1975,0.1816,0.0159,58.3,5.3,23.2,53,35.1
15,4,157,0.081,0.074,0.007,45.8,8.7,10.7,37.1,35.1
15,4,139,0.386,0.378,0.008,47.3,16,12.2,31.3,35.1
17,4,133,0.29,0.275,0.015,53.5,13.1,18.4,40.4,35.1
17,4,166,0.127,0.111,0.016,58.1,4.2,23,53.9,35.1
17,1,9,0.272,0.251,0.021,52.1,12.9,17,39.2,35.1
22,4,131,0.131,0.126,0.005,57.9,16.1,22.8,41.8,35.1
15,2,54,0.215,0.205,0.01,48.3,6.5,13.1,41.8,35.2
17,4,151,0.158,0.145,0.013,56.2,5.2,21,51,35.2
17,2,54,0.313,0.288,0.025,54.2,15.1,19,39.1,35.2
17,2,66,0.185,0.159,0.026,52.3,14.7,17.1,37.6,35.2
18,4,104,0.236,0.227,0.009,55,-3.9,19.8,58.9,35.2
20,1,20,0.254,0.237,0.017,37,-19.8,1.8,56.8,35.2
22,3,108,0.109,0.1,0.009,59.7,14.4,24.5,45.3,35.2
22,3,87,0.15,0.138,0.012,56.6,8.6,21.4,48,35.2
22,1,27,0.116,0.101,0.015,59.5,0.5,24.2,59,35.3
17,4,169,0.126,0.11,0.016,57.5,3.2,22.1,54.3,35.4
17,1,13,0.224,0.206,0.018,54.9,11.8,19.5,43.1,35.4
22,3,98,0.097,0.089,0.008,62.4,11,27,51.4,35.4
15,4,144,0.376,0.366,0.01,50.3,10.7,14.8,39.6,35.5
17,2,53,0.368,0.343,0.025,55.3,14.8,19.8,40.5,35.5
17,2,67,0.188,0.163,0.025,53.3,16.2,17.8,37.1,35.5
20,1,12,0.404,0.392,0.012,36.2,-6.6,0.7,42.8,35.5
22,4,147,0.114,0.109,0.005,62.7,19.7,27.2,43,35.5
22,2,41,0.326,0.318,0.008,59.9,21.4,24.4,38.5,35.5
15,4,137,0.341,0.333,0.008,50.5,13.4,14.9,37.1,35.6
17,2,73,0.172,0.145,0.027,52.4,12.6,16.8,39.8,35.6
22,3,101,0.107,0.101,0.006,59.4,9.6,23.8,49.8,35.6
22,2,50,0.21,0.2,0.01,53.4,15.4,17.8,38,35.6
22,4,135,0.122,0.118,0.004,58.9,12.6,23.2,46.3,35.7
15,2,51,0.236,0.223,0.013,48.5,0.04,12.7,48.46,35.8
22,3,105,0.117,0.104,0.013,61.6,9.2,25.8,52.4,35.8
17,1,41,0.096,0.076,0.02,53.4,17.5,17.5,35.9,35.9
17,2,88,0.113,0.093,0.02,53.9,15.4,18,38.5,35.9
17,2,85,0.112,0.093,0.019,56.1,15.8,20.1,40.3,36
22,4,139,0.085,0.081,0.004,59.4,21.1,23.4,38.3,36
22,3,104,0.116,0.104,0.012,60.9,10.7,24.9,50.2,36
15,2,61,0.097,0.087,0.01,48.3,2.2,12.2,46.1,36.1
15,2,68,0.133,0.122,0.011,43.6,4.2,7.5,39.4,36.1
17,1,4,0.289,0.268,0.021,56.3,13.3,20.2,43,36.1
17,1,11,0.254,0.23,0.024,47.3,14.3,11.2,33,36.1
17,2,72,0.164,0.138,0.026,55.3,15.5,19.2,39.8,36.1
17,2,63,0.202,0.169,0.033,58.7,17.8,22.6,40.9,36.1
18,4,118,0.233,0.225,0.008,57.8,-0.6,21.7,58.4,36.1
17,2,78,0.118,0.099,0.019,58,21.8,21.8,36.2,36.2
20,2,74,0.087,0.069,0.018,43.6,10.2,7.4,33.4,36.2
20,2,80,0.109,0.09,0.019,40.2,5.3,4,34.9,36.2
22,4,148,0.108,0.104,0.004,62.9,22.4,26.7,40.5,36.2
15,2,64,0.102,0.093,0.009,44.7,4.8,8.4,39.9,36.3
22,2,46,0.225,0.215,0.01,54.9,16.2,18.6,38.7,36.3
13,1,12,0.2283,0.2131,0.0152,56.2,7.5,19.8,48.7,36.4
17,1,34,0.109,0.097,0.012,55.1,9.1,18.7,46,36.4
22,4,144,0.115,0.111,0.004,64.5,22.7,28.1,41.8,36.4
17,2,86,0.11,0.086,0.024,57.2,18.6,20.7,38.6,36.5
18,3,83,0.246,0.227,0.019,61.5,2.4,25,59.1,36.5
22,4,136,0.121,0.117,0.004,57.5,10.2,21,47.3,36.5
22,2,39,0.34,0.33,0.01,55.2,20.2,18.7,35,36.5
14,2,35,0.1349,0.1127,0.0222,33.9,-6.3,-2.7,40.2,36.6
15,4,164,0.105,0.098,0.007,45.2,8.8,8.6,36.4,36.6
15,2,42,0.356,0.334,0.022,52.3,14,15.7,38.3,36.6
22,4,133,0.114,0.11,0.004,58.6,16.8,22,41.8,36.6
14,4,32,0.1399,0.1274,0.0125,44.4,-17.4,7.6,61.8,36.8
14,2,27,0.1944,0.1787,0.0157,38.1,1.8,1.3,36.3,36.8
14,3,43,0.1263,0.1058,0.0205,37.2,-3.9,0.4,41.1,36.8
17,1,20,0.212,0.191,0.021,46.1,10.5,9.3,35.6,36.8
17,2,77,0.116,0.093,0.023,60.2,15.2,23.4,45,36.8
21,2,71,0.126,0.108,0.018,52.1,20.8,15.3,31.3,36.8
15,2,55,0.227,0.215,0.012,48.3,1.6,11.4,46.7,36.9
17,1,6,0.304,0.29,0.014,56.7,15.5,19.8,41.2,36.9
19,1,12,0.238,0.211,0.027,61.1,17.4,24.2,43.7,36.9
22,2,52,0.14,0.133,0.007,53.6,14.9,16.7,38.7,36.9
15,2,52,0.24,0.227,0.013,47.6,7,10.6,40.6,37
15,2,63,0.108,0.094,0.014,45.4,1.4,8.4,44,37
17,2,80,0.125,0.105,0.02,57.1,15.5,20.1,41.6,37
20,1,32,0.102,0.097,0.005,40.8,1.3,3.7,39.5,37.1
21,3,100,0.257,0.232,0.025,55.9,18.8,18.8,37.1,37.1
14,4,35,0.1431,0.1274,0.0157,41.2,-16.2,4,57.4,37.2
15,2,72,0.135,0.126,0.009,44.6,-0.2,7.4,44.8,37.2
15,2,77,0.106,0.09,0.016,42.8,4.9,5.6,37.9,37.2
17,2,48,0.309,0.282,0.027,54.5,12.3,17.3,42.2,37.2
18,4,117,0.234,0.225,0.009,57.8,-1.7,20.6,59.5,37.2
21,2,69,0.254,0.242,0.012,54,22.8,16.8,31.2,37.2
13,1,3,0.2203,0.2096,0.0107,53.4,0.09,16.1,53.31,37.3
14,4,31,0.1169,0.0922,0.0247,43.9,-11.1,6.6,55,37.3
17,1,19,0.199,0.179,0.02,50.1,14.3,12.8,35.8,37.3
18,4,110,0.207,0.202,0.005,57.3,-1.8,20,59.1,37.3
18,4,111,0.228,0.219,0.009,61.4,8.7,24.1,52.7,37.3
21,1,1,0.286,0.271,0.015,46.2,7.7,8.9,38.5,37.3
15,4,168,0.1,0.091,0.009,47.6,14.7,10.2,32.9,37.4
22,3,88,0.163,0.153,0.01,55.8,7.8,18.4,48,37.4
14,4,34,0.1546,0.1326,0.022,41.7,-12.4,4.2,54.1,37.5
15,4,136,0.34,0.333,0.007,52.6,14.6,15.1,38,37.5
15,2,80,0.092,0.076,0.016,43.4,-2,5.9,45.4,37.5
14,3,44,0.1298,0.0971,0.0327,33.7,-18.6,-3.9,52.3,37.6
14,3,47,0.1478,0.114,0.0338,34.4,-15.5,-3.2,49.9,37.6
15,2,86,0.106,0.086,0.02,42.3,8.5,4.7,33.8,37.6
20,1,11,0.369,0.357,0.012,38.4,-0.7,0.8,39.1,37.6
15,4,160,0.086,0.078,0.008,47.4,-2.3,9.7,49.7,37.7
15,4,147,0.355,0.346,0.009,52.2,15.7,14.5,36.5,37.7
18,4,113,0.221,0.213,0.008,58.7,0.4,21,58.3,37.7
20,2,82,0.088,0.066,0.022,37.9,5.5,0.2,32.4,37.7
21,1,32,0.122,0.109,0.013,49.7,1.6,12,48.1,37.7
15,4,134,0.361,0.352,0.009,49.1,11.3,11.3,37.8,37.8
17,1,3,0.283,0.263,0.02,53.1,5.5,15.3,47.6,37.8
20,1,29,0.179,0.17,0.009,29.7,-9.1,-8.1,38.8,37.8
22,4,128,0.112,0.107,0.005,58,18.5,20.2,39.5,37.8
22,2,53,0.101,0.095,0.006,56.9,11,19.1,45.9,37.8
14,1,14,0.3265,0.3124,0.0141,48.3,0.2,10.4,48.1,37.9
17,2,82,0.12,0.095,0.025,57.1,17.1,19.2,40,37.9
14,4,27,0.1216,0.1074,0.0142,43.5,-17,5.5,60.5,38
15,2,74,0.119,0.107,0.012,44.5,0.9,6.5,43.6,38
19,1,7,0.356,0.306,0.05,56,16.4,18,39.6,38
20,1,34,0.089,0.082,0.007,42.4,-11.4,4.4,53.8,38
13,1,25,0.1682,0.1558,0.0124,57.5,7.5,19.4,50,38.1
13,2,66,0.2388,0.2198,0.019,58.7,12.3,20.6,46.4,38.1
17,2,76,0.115,0.097,0.018,59.2,19.1,21.1,40.1,38.1
22,2,54,0.109,0.104,0.005,56.7,14.4,18.6,42.3,38.1
22,3,109,0.118,0.108,0.01,59.8,14.3,21.7,45.5,38.1
13,4,140,0.2173,0.2077,0.0096,48.7,3.9,10.5,44.8,38.2
17,1,35,0.099,0.087,0.012,56.3,8.5,18.1,47.8,38.2
17,2,87,0.114,0.092,0.022,55.4,18.4,17.2,37,38.2
22,4,132,0.121,0.116,0.005,57.9,17.3,19.7,40.6,38.2
21,1,4,0.295,0.272,0.023,48.9,12.3,10.6,36.6,38.3
13,2,72,0.1792,0.1616,0.0176,59.4,14.8,21,44.6,38.4
18,4,103,0.264,0.256,0.008,55.4,-1,17,56.4,38.4
21,1,5,0.293,0.274,0.019,51.2,10.3,12.8,40.9,38.4
17,1,24,0.17,0.151,0.019,51.8,13.6,13.3,38.2,38.5
22,3,92,0.162,0.153,0.009,55.9,8.2,17.4,47.7,38.5
22,1,29,0.121,0.098,0.023,61.2,-5.6,22.7,66.8,38.5
15,2,70,0.122,0.11,0.012,43.7,-0.4,5.1,44.1,38.6
18,4,101,0.22,0.212,0.008,54.8,-7.1,16.2,61.9,38.6
14,2,23,0.2112,0.188,0.0232,36,4,-2.7,32,38.7
15,4,161,0.09,0.083,0.007,48,4.8,9.3,43.2,38.7
15,2,66,0.109,0.094,0.015,41.5,3,2.8,38.5,38.7
18,4,106,0.232,0.225,0.007,50.4,-5.8,11.7,56.2,38.7
20,1,10,0.402,0.39,0.012,32.7,-13.1,-6,45.8,38.7
22,3,110,0.133,0.123,0.01,65.5,3.8,26.8,61.7,38.7
13,4,142,0.2738,0.2556,0.0182,50.2,6.9,11.4,43.3,38.8
15,4,153,0.085,0.08,0.005,47.7,12.5,8.9,35.2,38.8
15,1,23,0.129,0.118,0.011,40.4,-11.4,1.6,51.8,38.8
17,1,14,0.194,0.173,0.021,51.3,13.5,12.5,37.8,38.8
17,2,83,0.114,0.093,0.021,56.5,19.8,17.7,36.7,38.8
17,2,50,0.302,0.276,0.026,58.3,13.2,19.4,45.1,38.9
15,2,71,0.138,0.129,0.009,46.6,5.4,7.6,41.2,39
15,2,59,0.21,0.196,0.014,45.6,5,6.6,40.6,39
14,4,33,0.1389,0.1163,0.0226,38.2,-15,-0.9,53.2,39.1
15,2,78,0.098,0.087,0.011,43.3,4.5,4.2,38.8,39.1
15,2,43,0.354,0.339,0.015,53.6,7.1,14.5,46.5,39.1
17,1,17,0.188,0.168,0.02,44.4,12.8,5.3,31.6,39.1
22,2,47,0.216,0.21,0.006,55.4,12.1,16.3,43.3,39.1
13,2,69,0.2313,0.2214,0.0099,55.8,16.1,16.6,39.7,39.2
14,2,26,0.2102,0.187,0.0232,38.5,-2.6,-0.7,41.1,39.2
15,2,75,0.104,0.093,0.011,44.1,4.3,4.9,39.8,39.2
17,4,168,0.123,0.113,0.01,58.1,6.7,18.9,51.4,39.2
17,2,62,0.195,0.172,0.023,59.5,19.9,20.3,39.6,39.2
17,2,65,0.185,0.156,0.029,56,18.4,16.8,37.6,39.2
13,1,4,0.2338,0.2244,0.0094,54.8,-10.1,15.5,64.9,39.3
13,2,76,0.1764,0.1583,0.0181,58.2,2.9,18.9,55.3,39.3
17,1,10,0.245,0.225,0.02,51.2,13.1,11.9,38.1,39.3
18,4,99,0.295,0.286,0.009,53.1,-0.06,13.8,53.16,39.3
14,1,7,0.2675,0.2614,0.0061,44.8,-10.8,5.4,55.6,39.4
14,2,38,0.13,0.106,0.024,41.9,-0.5,2.5,42.4,39.4
15,2,69,0.128,0.115,0.013,43.8,0.5,4.4,43.3,39.4
15,1,28,0.079,0.069,0.01,44.4,-11,4.9,55.4,39.5
17,2,90,0.124,0.1,0.024,55.6,12.2,16.1,43.4,39.5
15,2,76,0.118,0.107,0.011,45.7,3.3,6.1,42.4,39.6
18,4,92,0.288,0.28,0.008,58.2,-3.5,18.6,61.7,39.6
19,1,4,0.504,0.44,0.064,49.5,13,9.9,36.5,39.6
15,2,87,0.111,0.093,0.018,41,4.6,1.3,36.4,39.7
17,1,31,0.096,0.081,0.015,57.5,11.7,17.8,45.8,39.7
15,4,159,0.09,0.083,0.007,48.1,10,8.3,38.1,39.8
17,1,21,0.189,0.17,0.019,50.6,17.9,10.8,32.7,39.8
15,2,48,0.222,0.199,0.023,47.9,8,8,39.9,39.9
17,2,47,0.308,0.288,0.02,55.3,13.3,15.4,42,39.9
20,1,26,0.24,0.223,0.017,38.7,-8.9,-1.2,47.6,39.9
21,1,40,0.114,0.101,0.013,46,1.7,6.1,44.3,39.9
14,2,30,0.1831,0.1614,0.0217,43.7,5,3.7,38.7,40
14,3,39,0.1409,0.1083,0.0326,38.7,-19.2,-1.3,57.9,40
18,2,49,0.217,0.204,0.013,56.1,4,16.1,52.1,40
22,3,85,0.141,0.131,0.01,58.9,3.9,18.9,55,40
15,2,60,0.325,0.311,0.014,46.7,6.8,6.6,39.9,40.1
15,2,83,0.11,0.094,0.016,45.6,6.1,5.5,39.5,40.1
20,1,28,0.213,0.206,0.007,37.1,-12.6,-3,49.7,40.1
22,1,16,0.088,0.084,0.004,61.4,-8.7,21.3,70.1,40.1
22,4,125,0.112,0.105,0.007,58.9,16.3,18.8,42.6,40.1
13,1,10,0.2294,0.2201,0.0093,57,0.9,16.8,56.1,40.2
13,1,5,0.2335,0.2227,0.0108,56,-11.4,15.8,67.4,40.2
17,2,81,0.123,0.094,0.029,54.8,13.7,14.6,41.1,40.2
22,4,149,0.104,0.1,0.004,63.3,22.8,23.1,40.5,40.2
18,4,114,0.188,0.18,0.008,58.9,5.3,18.6,53.6,40.3
19,1,2,0.564,0.52,0.044,48.5,13.8,8.2,34.7,40.3
15,1,2,0.382,0.373,0.009,44.1,-5.3,3.7,49.4,40.4
15,1,25,0.137,0.127,0.01,41.1,-12.7,0.6,53.8,40.5
15,2,73,0.132,0.121,0.011,45.5,3.8,5,41.7,40.5
17,2,46,0.33,0.304,0.026,50.7,8.4,10.2,42.3,40.5
18,4,109,0.198,0.19,0.008,56.6,7.1,16.1,49.5,40.5
21,1,23,0.225,0.206,0.019,51.2,5.3,10.7,45.9,40.5
13,1,42,0.0895,0.0715,0.018,60.7,12.5,20.1,48.2,40.6
14,4,30,0.1179,0.1032,0.0147,47,-8.6,6.4,55.6,40.6
14,3,40,0.1523,0.1137,0.0386,39.1,-14.9,-1.5,54,40.6
22,1,37,0.111,0.106,0.005,58,-2.3,17.4,60.3,40.6
22,1,21,0.113,0.106,0.007,60.4,-9.5,19.8,69.9,40.6
13,1,20,0.1932,0.1847,0.0085,58.1,7.3,17.4,50.8,40.7
15,4,154,0.093,0.087,0.006,48.4,11,7.7,37.4,40.7
21,1,9,0.362,0.345,0.017,50.1,8.4,9.4,41.7,40.7
14,3,45,0.138,0.1178,0.0202,37.6,-13,-3.2,50.6,40.8
15,2,85,0.097,0.079,0.018,42.1,10.9,1.3,31.2,40.8
18,4,93,0.288,0.279,0.009,54.4,-6.1,13.6,60.5,40.8
21,1,31,0.111,0.101,0.01,48.5,5.9,7.7,42.6,40.8
22,1,19,0.101,0.096,0.005,59.9,-1.6,19.1,61.5,40.8
22,1,12,0.226,0.212,0.014,49.4,-12.3,8.6,61.7,40.8
14,2,37,0.1385,0.1113,0.0272,43.5,1.3,2.6,42.2,40.9
17,2,49,0.33,0.299,0.031,54.6,13.5,13.7,41.1,40.9
15,2,47,0.331,0.316,0.015,49.5,2.7,8.5,46.8,41
17,2,64,0.199,0.173,0.026,56.4,12.1,15.4,44.3,41
22,1,10,0.205,0.19,0.015,51.2,-14.8,10.2,66,41
13,1,11,0.2314,0.2197,0.0117,57.4,3.5,16.3,53.9,41.1
17,2,84,0.119,0.098,0.021,56.1,16.5,15,39.6,41.1
17,2,91,0.119,0.092,0.027,58.8,14.6,17.7,44.2,41.1
18,2,48,0.224,0.21,0.014,55.6,7.6,14.5,48,41.1
14,3,15,0.3124,0.2573,0.0551,43.6,7.7,2.4,35.9,41.2
22,2,71,0.097,0.092,0.005,64.7,24.1,23.5,40.6,41.2
15,2,56,0.2,0.187,0.013,46.7,3.9,5.4,42.8,41.3
15,2,58,0.212,0.196,0.016,46.4,2.7,5.1,43.7,41.3
15,2,44,0.353,0.336,0.017,53.8,5.8,12.5,48,41.3
18,2,55,0.213,0.195,0.018,55.1,6.9,13.8,48.2,41.3
21,1,22,0.228,0.202,0.026,50.1,2.9,8.8,47.2,41.3
13,1,41,0.0932,0.0721,0.0211,58.3,9,16.9,49.3,41.4
15,2,90,0.09,0.076,0.014,44.4,3,3,41.4,41.4
17,1,44,0.096,0.055,0.041,50.8,13.7,9.4,37.1,41.4
22,1,1,0.268,0.255,0.013,44.4,-18.4,3,62.8,41.4
20,1,31,0.108,0.096,0.012,41.4,-6.6,-0.08,48,41.48
13,2,79,0.1759,0.156,0.0199,59.4,10.8,17.9,48.6,41.5
15,1,26,0.142,0.132,0.01,43.6,-8.8,2,52.4,41.6
17,2,79,0.135,0.11,0.025,58.8,21.2,17.2,37.6,41.6
18,4,102,0.234,0.226,0.008,57.1,-4.9,15.5,62,41.6
14,1,9,0.2723,0.2633,0.009,43.8,-7,2.1,50.8,41.7
15,2,84,0.097,0.082,0.015,46.1,8.4,4.4,37.7,41.7
22,2,58,0.117,0.109,0.008,58.4,19.6,16.7,38.8,41.7
15,2,65,0.126,0.11,0.016,44.9,2.7,3.1,42.2,41.8
22,1,33,0.106,0.101,0.005,63.2,-3.2,21.3,66.4,41.9
17,1,16,0.211,0.192,0.019,49.4,13.1,7.4,36.3,42
21,1,35,0.111,0.103,0.008,47.1,10.7,5.1,36.4,42
18,4,98,0.262,0.253,0.009,51.3,-4,9.2,55.3,42.1
21,1,29,0.213,0.195,0.018,49.7,1.1,7.6,48.6,42.1
22,1,17,0.1,0.095,0.005,57.9,-8.2,15.8,66.1,42.1
22,2,56,0.115,0.108,0.007,58.5,19.1,16.4,39.4,42.1
22,3,96,0.11,0.09,0.02,65.3,8.9,23.2,56.4,42.1
18,4,90,0.273,0.264,0.009,56.8,-3.8,14.6,60.6,42.2
21,1,28,0.219,0.206,0.013,51.4,9.2,9.2,42.2,42.2
22,1,31,0.102,0.093,0.009,60.1,-6.1,17.9,66.2,42.2
15,2,49,0.251,0.232,0.019,50.8,3.7,8.5,47.1,42.3
17,1,42,0.095,0.074,0.021,52.8,12.7,10.5,40.1,42.3
18,4,95,0.226,0.217,0.009,55.6,-5.1,13.3,60.7,42.3
21,1,2,0.29,0.28,0.01,47.8,5.4,5.5,42.4,42.3
22,3,106,0.115,0.105,0.01,60.3,12.7,18,47.6,42.3
14,2,40,0.1222,0.099,0.0232,37.8,3.1,-4.6,34.7,42.4
15,2,46,0.354,0.337,0.017,53.8,3.8,11.4,50,42.4
18,4,107,0.27,0.261,0.009,58.7,-4.6,16.3,63.3,42.4
19,1,5,0.376,0.323,0.053,53.8,10.6,11.4,43.2,42.4
13,1,45,0.0781,0.0584,0.0197,56,4.4,13.5,51.6,42.5
15,2,81,0.091,0.079,0.012,43.5,9.6,0.9,33.9,42.6
17,1,15,0.197,0.176,0.021,50.2,15.1,7.6,35.1,42.6
13,2,58,0.2529,0.2393,0.0136,57.7,23.5,15,34.2,42.7
14,2,39,0.1253,0.0998,0.0255,37.9,-0.4,-4.8,38.3,42.7
15,2,67,0.14,0.128,0.012,47.1,3,4.4,44.1,42.7
20,1,39,0.095,0.088,0.007,41.6,-9,-1.1,50.6,42.7
22,4,138,0.097,0.091,0.006,67.4,19.7,24.7,47.7,42.7
18,4,112,0.218,0.213,0.005,60.8,-0.6,18,61.4,42.8
17,1,30,0.104,0.09,0.014,59.4,13.4,16.5,46,42.9
14,3,3,0.2742,0.244,0.0302,47.2,1.3,4.2,45.9,43
22,2,68,0.107,0.101,0.006,63.9,23.3,20.9,40.6,43
13,1,31,0.169,0.1583,0.0107,57,3.6,13.9,53.4,43.1
14,2,31,0.1486,0.1275,0.0211,40,1.2,-3.1,38.8,43.1
17,1,29,0.207,0.187,0.02,43,11.9,-0.1,31.1,43.1
18,4,108,0.218,0.21,0.008,59.3,-8.2,16.1,67.5,43.2
18,2,53,0.22,0.203,0.017,57.2,5.7,14,51.5,43.2
18,2,32,0.285,0.267,0.018,55.2,3.7,12,51.5,43.2
13,1,8,0.2205,0.2096,0.0109,51.5,-10.9,8.2,62.4,43.3
15,2,89,0.096,0.084,0.012,47.4,5.8,4.1,41.6,43.3
21,1,12,0.349,0.33,0.019,54.2,15.9,10.9,38.3,43.3
15,1,16,0.151,0.141,0.01,46.1,-10,2.7,56.1,43.4
15,2,88,0.101,0.086,0.015,46.2,5.8,2.8,40.4,43.4
17,2,89,0.126,0.1,0.026,55.4,16.4,12,39,43.4
21,1,11,0.351,0.332,0.019,52.2,11.5,8.8,40.7,43.4
13,2,68,0.2288,0.2152,0.0136,58.6,4.3,15.1,54.3,43.5
21,1,24,0.19,0.17,0.02,51.4,8.6,7.9,42.8,43.5
18,2,51,0.223,0.209,0.014,55.8,4,12.2,51.8,43.6
20,1,30,0.109,0.1,0.009,39.1,-1.6,-4.5,40.7,43.6
22,4,143,0.108,0.104,0.004,63.8,14,20.2,49.8,43.6
15,1,3,0.354,0.342,0.012,47.2,-13,3.5,60.2,43.7
15,1,20,0.15,0.138,0.012,42.9,-12.9,-0.8,55.8,43.7
22,1,24,0.191,0.181,0.01,54.5,-5.4,10.8,59.9,43.7
15,4,151,0.347,0.339,0.008,49.9,8.5,6.1,41.4,43.8
13,1,17,0.2239,0.2151,0.0088,55.6,-3.1,11.6,58.7,44
13,1,19,0.2137,0.1998,0.0139,54.3,4.5,10.3,49.8,44
18,4,94,0.251,0.241,0.01,56.1,1,12.1,55.1,44
14,1,8,0.2826,0.269,0.0136,43.8,-8,-0.3,51.8,44.1
21,1,18,0.243,0.213,0.03,49,4.4,4.9,44.6,44.1
15,2,57,0.235,0.223,0.012,49.7,1.4,5.5,48.3,44.2
22,1,32,0.098,0.091,0.007,61.7,-1.4,17.5,63.1,44.2
13,1,27,0.1746,0.1636,0.011,57.5,4.5,13.2,53,44.3
21,1,39,0.106,0.097,0.009,50.1,12.6,5.8,37.5,44.3
22,1,28,0.105,0.09,0.015,61,-5.4,16.7,66.4,44.3
13,1,34,0.1536,0.1431,0.0105,57.9,3.7,13.5,54.2,44.4
13,1,40,0.0967,0.073,0.0237,60.8,5,16.4,55.8,44.4
15,1,5,0.392,0.381,0.011,47.7,-9.1,3.3,56.8,44.4
15,1,31,0.099,0.086,0.013,43.8,-21.7,-0.6,65.5,44.4
22,1,7,0.216,0.203,0.013,52.9,-12.4,8.5,65.3,44.4
22,1,30,0.109,0.092,0.017,62.8,4,18.4,58.8,44.4
13,4,151,0.2732,0.2634,0.0098,57.3,5.1,12.8,52.2,44.5
13,1,35,0.1606,0.15,0.0106,57.2,4.1,12.7,53.1,44.5
14,2,34,0.1264,0.1053,0.0211,39.7,-5.1,-4.8,44.8,44.5
18,4,96,0.265,0.257,0.008,56.2,-1.7,11.7,57.9,44.5
18,4,100,0.265,0.249,0.016,56,-5.1,11.5,61.1,44.5
22,2,66,0.109,0.103,0.006,64.1,15,19.6,49.1,44.5
14,2,36,0.1359,0.099,0.0369,40.6,-1.1,-4,41.7,44.6
20,2,75,0.088,0.08,0.008,42.9,0.7,-1.7,42.2,44.6
22,2,62,0.088,0.081,0.007,61,20.4,16.4,40.6,44.6
14,1,3,0.2248,0.2161,0.0087,41,-10.5,-3.7,51.5,44.7
15,1,14,0.41,0.4,0.01,45.4,-13.2,0.7,58.6,44.7
15,1,10,0.286,0.273,0.013,46.9,-15,2.1,61.9,44.8
18,2,31,0.267,0.251,0.016,53.3,9.3,8.5,44,44.8
22,1,8,0.214,0.206,0.008,51.4,-3.5,6.6,54.9,44.8
13,1,37,0.0902,0.0736,0.0166,58,7.4,13.1,50.6,44.9
14,1,12,0.3468,0.3284,0.0184,44.2,-17.8,-0.7,62,44.9
15,1,6,0.243,0.233,0.01,48.1,-14.8,3.2,62.9,44.9
15,2,79,0.114,0.104,0.01,45.5,-3,0.5,48.5,45
18,2,56,0.228,0.214,0.014,56.9,6.4,11.9,50.5,45
18,2,54,0.244,0.226,0.018,59.9,5,14.9,54.9,45
14,2,15,0.3045,0.2824,0.0221,44.8,7.9,-0.3,36.9,45.1
18,2,52,0.227,0.205,0.022,58.8,5.9,13.7,52.9,45.1
22,1,18,0.086,0.082,0.004,63.1,-5.3,17.8,68.4,45.3
22,2,65,0.104,0.1,0.004,63.9,18.1,18.6,45.8,45.3
15,1,7,0.248,0.24,0.008,47.4,-11.3,2,58.7,45.4
21,1,13,0.37,0.343,0.027,51.2,7.4,5.8,43.8,45.4
18,2,30,0.249,0.234,0.015,51.4,3.4,5.9,48,45.5
22,2,67,0.101,0.096,0.005,64.3,14.2,18.8,50.1,45.5
22,2,60,0.124,0.117,0.007,59.8,16.7,14.3,43.1,45.5
22,1,13,0.196,0.182,0.014,48.2,-16.3,2.7,64.5,45.5
13,1,14,0.2104,0.2007,0.0097,55.2,-3.5,9.6,58.7,45.6
21,1,27,0.213,0.189,0.024,50.6,-4.1,5,54.7,45.6
14,2,33,0.137,0.1138,0.0232,40.1,-8,-5.6,48.1,45.7
13,2,78,0.1721,0.1562,0.0159,58.8,8.2,13,50.6,45.8
19,1,6,0.368,0.31,0.058,58,17.9,12.2,40.1,45.8
14,1,4,0.269,0.2557,0.0133,43.1,-24.5,-2.8,67.6,45.9
22,4,150,0.114,0.11,0.004,64.9,22.1,19,42.8,45.9
15,1,1,0.327,0.317,0.01,50.4,-8.2,4.4,58.6,46
17,1,5,0.314,0.295,0.019,54.5,9,8.5,45.5,46
18,2,44,0.272,0.257,0.015,56.8,5.3,10.8,51.5,46
18,1,26,0.256,0.249,0.007,55,-5.3,8.9,60.3,46.1
21,1,26,0.218,0.197,0.021,51.7,2.3,5.6,49.4,46.1
14,1,20,0.243,0.2293,0.0137,47.7,-18.2,1.5,65.9,46.2
13,2,91,0.1185,0.0984,0.0201,58.6,1.2,12.3,57.4,46.3
18,2,37,0.289,0.278,0.011,54.8,5.4,8.5,49.4,46.3
18,2,39,0.274,0.258,0.016,53.9,-0.3,7.6,54.2,46.3
20,1,13,0.406,0.387,0.019,36.4,-11.3,-9.9,47.7,46.3
22,2,63,0.078,0.074,0.004,62.5,18.1,16.2,44.4,46.3
15,1,34,0.091,0.083,0.008,42.7,-9.4,-3.7,52.1,46.4
18,2,50,0.213,0.199,0.014,55.9,2.5,9.5,53.4,46.4
18,2,28,0.283,0.266,0.017,52.5,-4,6.1,56.5,46.4
15,1,11,0.274,0.264,0.01,44.5,-8,-2,52.5,46.5
22,1,34,0.1,0.097,0.003,63.1,-2,16.6,65.1,46.5
15,1,39,0.097,0.087,0.01,44.3,-18.6,-2.3,62.9,46.6
18,4,97,0.279,0.27,0.009,53.6,-7.8,7,61.4,46.6
22,2,59,0.117,0.112,0.005,58.4,13.2,11.8,45.2,46.6
13,1,39,0.091,0.0713,0.0197,61,4.8,14.3,56.2,46.7
13,2,73,0.188,0.168,0.02,61.4,9.5,14.7,51.9,46.7
17,1,18,0.201,0.181,0.02,52.1,9.6,5.4,42.5,46.7
21,1,8,0.367,0.33,0.037,58,8.1,11.3,49.9,46.7
13,1,28,0.1586,0.1484,0.0102,56.5,-1.1,9.7,57.6,46.8
15,2,45,0.348,0.325,0.023,55.1,1.3,8.3,53.8,46.8
15,2,82,0.119,0.082,0.037,44.8,3.2,-2,41.6,46.8
22,2,57,0.117,0.11,0.007,59.2,19.4,12.3,39.8,46.9
22,1,9,0.218,0.204,0.014,52.6,-15.1,5.7,67.7,46.9
21,1,37,0.13,0.115,0.015,49.7,2.4,2.7,47.3,47
17,1,27,0.161,0.144,0.017,48.7,10.6,1.6,38.1,47.1
20,1,43,0.095,0.087,0.008,42.3,-11.5,-4.8,53.8,47.1
22,2,70,0.102,0.096,0.006,62.4,21.5,15.3,40.9,47.1
13,2,64,0.2114,0.1948,0.0166,54.8,19.2,7.6,35.6,47.2
17,1,32,0.103,0.081,0.022,54.8,17.6,7.6,37.2,47.2
21,1,34,0.107,0.098,0.009,48.7,2.8,1.5,45.9,47.2
18,4,91,0.289,0.279,0.01,53.8,-7.1,6.5,60.9,47.3
18,2,33,0.275,0.256,0.019,52.6,-1.4,5.3,54,47.3
15,4,146,0.346,0.338,0.008,52.6,13.3,5.2,39.3,47.4
18,2,57,0.251,0.236,0.015,56.6,4.1,9,52.5,47.6
21,1,15,0.345,0.32,0.025,52.3,9.4,4.7,42.9,47.6
18,1,19,0.182,0.174,0.008,59.2,8,11.5,51.2,47.7
22,2,69,0.112,0.107,0.005,63.4,16.3,15.7,47.1,47.7
18,1,22,0.194,0.189,0.005,54.3,-3,6.5,57.3,47.8
18,2,47,0.196,0.178,0.018,58.1,7.9,10.3,50.2,47.8
18,2,58,0.264,0.236,0.028,55.1,8.7,7.3,46.4,47.8
17,1,43,0.102,0.078,0.024,55.2,13.6,7.3,41.6,47.9
21,1,14,0.344,0.32,0.024,56.4,12.3,8.5,44.1,47.9
13,2,49,0.2282,0.2166,0.0116,53.2,1.9,5.1,51.3,48.1
17,1,37,0.106,0.082,0.024,53.6,10.8,5.5,42.8,48.1
13,2,74,0.1686,0.1495,0.0191,59,11.1,10.8,47.9,48.2
14,1,15,0.3464,0.3336,0.0128,50,-22.5,1.8,72.5,48.2
15,1,12,0.305,0.29,0.015,44,-10.5,-4.2,54.5,48.2
17,1,33,0.101,0.079,0.022,55.1,10.7,6.9,44.4,48.2
21,1,25,0.223,0.194,0.029,53.3,5,5.1,48.3,48.2
22,1,22,0.133,0.126,0.007,60,-5,11.8,65,48.2
13,2,85,0.1001,0.0839,0.0162,60.2,7,11.9,53.2,48.3
13,2,50,0.2629,0.2404,0.0225,52,-7.1,3.7,59.1,48.3
13,2,88,0.1285,0.1031,0.0254,58.7,7,10.4,51.7,48.3
22,2,61,0.114,0.108,0.006,59,16.4,10.6,42.6,48.4
13,1,30,0.1646,0.1526,0.012,58.8,4.3,10.3,54.5,48.5
17,1,40,0.091,0.066,0.025,53.4,25.2,4.8,28.2,48.6
14,1,13,0.3794,0.3633,0.0161,44.7,-10.4,-4,55.1,48.7
18,4,105,0.289,0.28,0.009,61.1,1.8,12.4,59.3,48.7
18,2,27,0.295,0.275,0.02,56.1,6.8,7.4,49.3,48.7
21,1,16,0.363,0.332,0.031,53.3,6.3,4.6,47,48.7
14,1,45,0.1042,0.0986,0.0056,41,-29,-7.8,70,48.8
13,1,29,0.1648,0.1554,0.0094,59,-0.5,10,59.5,49
18,2,29,0.287,0.274,0.013,53.4,0.3,4.4,53.1,49
13,1,13,0.2111,0.2016,0.0095,57,-10.6,7.9,67.6,49.1
15,1,21,0.135,0.125,0.01,43.6,-12.8,-5.5,56.4,49.1
20,1,42,0.095,0.087,0.008,38.7,-12,-10.4,50.7,49.1
21,1,21,0.206,0.184,0.022,53.2,1.4,4,51.8,49.2
13,2,86,0.1007,0.0781,0.0226,60.3,5.3,11,55,49.3
22,2,64,0.094,0.088,0.006,65.4,15.8,16.1,49.6,49.3
14,1,6,0.2251,0.2161,0.009,44.6,-16.4,-4.8,61,49.4
13,1,47,0.0954,0.0694,0.026,58.8,-1.8,9.3,60.6,49.5
13,1,43,0.0961,0.0689,0.0272,58.7,3.5,9.2,55.2,49.5
13,2,90,0.1104,0.0792,0.0312,54.3,7.8,4.8,46.5,49.5
21,1,20,0.184,0.164,0.02,52.9,7.1,3.4,45.8,49.5
14,1,22,0.269,0.259,0.01,49.2,-24.8,-0.4,74,49.6
15,1,17,0.151,0.142,0.009,45.6,-10.8,-4,56.4,49.6
21,1,19,0.179,0.158,0.021,51.7,6.5,2.1,45.2,49.6
21,1,17,0.354,0.327,0.027,53.6,5.4,4,48.2,49.6
13,1,6,0.2297,0.2192,0.0105,51.4,-11.7,1.7,63.1,49.7
15,1,18,0.142,0.131,0.011,44.2,-17.1,-5.6,61.3,49.8
18,2,45,0.232,0.218,0.014,57,-0.4,7.2,57.4,49.8
13,2,94,0.1177,0.0927,0.025,59.8,-0.2,9.8,60,50
18,2,36,0.282,0.268,0.014,51.9,-5.5,1.9,57.4,50
13,2,52,0.2972,0.2717,0.0255,53.5,-3.4,3.3,56.9,50.2
13,2,57,0.2475,0.2352,0.0123,56.4,3.9,6.1,52.5,50.3
15,1,8,0.249,0.239,0.01,44.5,-12.2,-5.8,56.7,50.3
15,1,22,0.143,0.132,0.011,45.8,-15.1,-4.5,60.9,50.3
18,2,42,0.243,0.226,0.017,60,0.5,9.7,59.5,50.3
21,1,30,0.13,0.12,0.01,54.2,1.3,3.9,52.9,50.3
13,2,77,0.1776,0.1661,0.0115,61.4,13.3,11,48.1,50.4
13,2,65,0.2342,0.2182,0.016,54.5,-3.5,4.1,58,50.4
21,1,36,0.119,0.109,0.01,49,2.6,-1.4,46.4,50.4
13,2,67,0.2248,0.2095,0.0153,55,-5.7,4.5,60.7,50.5
13,2,82,0.1605,0.137,0.0235,56.4,-2.4,5.9,58.8,50.5
20,1,44,0.105,0.1,0.005,41.4,-16.2,-9.1,57.6,50.5
21,1,38,0.116,0.108,0.008,49.1,0.09,-1.4,49.01,50.5
15,1,4,0.344,0.332,0.012,47.8,-14,-2.8,61.8,50.6
18,2,38,0.225,0.21,0.015,56.2,2.4,5.6,53.8,50.6
18,1,18,0.174,0.163,0.011,56.7,7.5,6,49.2,50.7
18,1,1,0.294,0.277,0.017,54,-2.2,3.3,56.2,50.7
13,1,36,0.1509,0.1406,0.0103,56.3,-2.8,5.5,59.1,50.8
20,1,27,0.262,0.254,0.008,36.9,-20.1,-13.9,57,50.8
22,1,11,0.192,0.184,0.008,51.8,-18.9,1,70.7,50.8
13,1,38,0.0894,0.0703,0.0191,60.8,4.4,9.8,56.4,51
14,1,17,0.3487,0.3242,0.0245,48.2,-10.7,-2.9,58.9,51.1
14,2,32,0.1349,0.1075,0.0274,40.6,-8.9,-10.5,49.5,51.1
15,1,41,0.1,0.096,0.004,41.1,-18.2,-10,59.3,51.1
15,1,9,0.252,0.242,0.01,47.2,-9.3,-3.9,56.5,51.1
15,1,19,0.15,0.138,0.012,45.4,-19.5,-5.8,64.9,51.2
18,1,17,0.178,0.168,0.01,61,-10.6,9.8,71.6,51.2
14,1,1,0.2279,0.2166,0.0113,38.9,-10,-12.4,48.9,51.3
15,1,15,0.174,0.163,0.011,45.9,-14,-5.4,59.9,51.3
21,1,10,0.345,0.325,0.02,57.9,12.4,6.6,45.5,51.3
13,2,93,0.113,0.0961,0.0169,57.3,8.8,5.6,48.5,51.7
13,2,95,0.112,0.0917,0.0203,59.3,8.1,7.6,51.2,51.7
15,1,29,0.086,0.082,0.004,44.1,-23.2,-7.6,67.3,51.7
18,2,43,0.257,0.232,0.025,60.1,0.5,8.4,59.6,51.7
13,1,33,0.1725,0.162,0.0105,59.4,9.2,7.6,50.2,51.8
22,1,4,0.306,0.291,0.015,55.5,-15,3.7,70.5,51.8
22,1,6,0.211,0.195,0.016,50.3,-11.4,-1.6,61.7,51.9
14,1,21,0.2539,0.2444,0.0095,49.9,-21.2,-2.1,71.1,52
15,1,30,0.06,0.054,0.006,40.2,-21.4,-11.8,61.6,52
15,1,37,0.099,0.088,0.011,42.5,-22.2,-9.5,64.7,52
15,1,24,0.155,0.143,0.012,44.7,-19.3,-7.3,64,52
20,1,23,0.235,0.229,0.006,41.1,-17.1,-10.9,58.2,52
13,2,87,0.1034,0.0806,0.0228,59.2,6.7,7.1,52.5,52.1
17,1,36,0.114,0.098,0.016,53.9,0.9,1.8,53,52.1
22,1,5,0.204,0.188,0.016,50.7,-16.9,-1.4,67.6,52.1
22,1,2,0.32,0.3,0.02,49.7,-18.1,-2.6,67.8,52.3
13,1,2,0.2315,0.2204,0.0111,52.7,-1.1,0.3,53.8,52.4
13,1,18,0.2109,0.1971,0.0138,56.6,-15.9,4.2,72.5,52.4
13,1,32,0.1656,0.1539,0.0117,57.3,11.4,4.8,45.9,52.5
22,1,23,0.128,0.123,0.005,60.8,-9,8.2,69.8,52.6
13,1,1,0.1999,0.1904,0.0095,53.6,-12.5,0.9,66.1,52.7
15,1,36,0.087,0.075,0.012,41.8,-21.2,-10.9,63,52.7
21,1,33,0.1,0.089,0.011,46.7,-3.3,-6.2,50,52.9
15,1,27,0.145,0.131,0.014,42.3,-21.7,-10.7,64,53
18,1,7,0.205,0.195,0.01,51.7,-7.2,-1.4,58.9,53.1
13,2,70,0.2212,0.2055,0.0157,54.8,1,1.6,53.8,53.2
13,2,89,0.1197,0.1023,0.0174,59.1,1.2,5.8,57.9,53.3
15,1,32,0.082,0.074,0.008,42,-24.5,-11.3,66.5,53.3
13,1,26,0.1773,0.1659,0.0114,58.5,-2.9,5.1,61.4,53.4
14,1,24,0.2501,0.2321,0.018,47.5,-9.4,-6.1,56.9,53.6
17,1,45,0.1,0.072,0.028,54.4,8.4,0.8,46,53.6
13,2,84,0.0926,0.0926,1e-04,63.7,3.8,10,59.9,53.7
13,2,83,0.158,0.1262,0.0318,52.9,-2.9,-0.9,55.8,53.8
15,1,13,0.289,0.275,0.014,47.6,-13.3,-6.2,60.9,53.8
18,1,11,0.238,0.222,0.016,55.3,-7.5,1.2,62.8,54.1
20,1,25,0.216,0.211,0.005,38,-20.6,-16.1,58.6,54.1
15,1,40,0.062,0.055,0.007,41,-18.9,-13.2,59.9,54.2
15,1,35,0.079,0.075,0.004,42.6,-24.4,-11.7,67,54.3
22,1,14,0.219,0.205,0.014,52.7,-5.6,-1.6,58.3,54.3
18,2,35,0.334,0.316,0.018,53.6,-3.3,-0.8,56.9,54.4
18,1,20,0.157,0.15,0.007,60.3,6.2,5.8,54.1,54.5
18,2,41,0.214,0.201,0.013,60.2,-4.1,5.6,64.3,54.6
18,1,21,0.194,0.183,0.011,60.3,2.4,5.6,57.9,54.7
14,1,16,0.3369,0.3242,0.0127,48.7,-21.8,-6.1,70.5,54.8
18,1,4,0.283,0.267,0.016,51.8,-6.6,-3,58.4,54.8
22,1,15,0.102,0.093,0.009,60.2,-9.7,5.4,69.9,54.8
17,1,38,0.108,0.087,0.021,57.4,13.7,2.2,43.7,55.2
22,1,3,0.334,0.312,0.022,50.6,-18.1,-4.6,68.7,55.2
18,1,14,0.266,0.251,0.015,54.3,-7.3,-1.1,61.6,55.4
13,1,16,0.2267,0.2165,0.0102,55.9,-11.2,0.4,67.1,55.5
18,1,9,0.202,0.19,0.012,55.3,1.2,-0.2,54.1,55.5
13,1,44,0.0934,0.0648,0.0286,60.6,2.4,4.9,58.2,55.7
14,1,2,0.2227,0.2057,0.017,43.5,-11.3,-12.2,54.8,55.7
14,1,44,0.1009,0.0972,0.0037,41.6,-31,-14.2,72.6,55.8
18,1,23,0.199,0.193,0.006,56.6,2.3,0.8,54.3,55.8
18,2,34,0.288,0.273,0.015,55.8,-0.6,-0.6,56.4,56.4
22,1,35,0.108,0.103,0.005,62.3,-1.8,5.9,64.1,56.4
18,1,15,0.239,0.224,0.015,55.8,-4.9,-0.7,60.7,56.5
13,1,48,0.0862,0.0709,0.0153,60,-16.5,3.2,76.5,56.8
18,2,40,0.24,0.231,0.009,58.1,1.8,1.3,56.3,56.8
18,1,8,0.215,0.201,0.014,52.4,-9.3,-4.5,61.7,56.9
17,1,39,0.087,0.08,0.007,55.6,3.3,-1.4,52.3,57
13,2,92,0.1216,0.0999,0.0217,59.6,-1.1,2.5,60.7,57.1
14,1,23,0.2581,0.2463,0.0118,49.4,-20.7,-8,70.1,57.4
15,1,33,0.096,0.091,0.005,44.1,-22.3,-13.3,66.4,57.4
18,1,2,0.3,0.29,0.01,48.8,-16,-8.7,64.8,57.5
18,2,46,0.201,0.186,0.015,62,-0.5,4.2,62.5,57.8
13,2,81,0.1887,0.1628,0.0259,58.9,1.6,0.7,57.3,58.2
13,2,59,0.2475,0.2269,0.0206,58.1,1.1,-0.4,57,58.5
18,1,6,0.2,0.188,0.012,56.1,0.3,-2.6,55.8,58.7
13,2,75,0.1909,0.1699,0.021,61.3,1,2.2,60.3,59.1
14,1,48,0.0953,0.0906,0.0047,39.2,-28.3,-20,67.5,59.2
14,1,11,0.4216,0.4124,0.0092,48.3,-30.6,-10.9,78.9,59.2
18,1,24,0.176,0.168,0.008,59.1,-2.9,-0.1,62,59.2
22,1,26,0.068,0.064,0.004,62.4,-4.9,3.2,67.3,59.2
13,1,46,0.0903,0.0681,0.0222,60,-2.3,0.6,62.3,59.4
18,1,12,0.228,0.213,0.015,54.4,-12.2,-5.2,66.6,59.6
18,1,13,0.282,0.267,0.015,53.9,-11.2,-5.8,65.1,59.7
13,2,80,0.1835,0.163,0.0205,58.9,1.1,-1.1,57.8,60
18,1,25,0.198,0.193,0.005,58.4,-4.1,-1.6,62.5,60
13,2,71,0.1979,0.1773,0.0206,60.8,-3.5,0.7,64.3,60.1
22,1,25,0.083,0.073,0.01,65.2,-8,5,73.2,60.2
22,1,36,0.112,0.107,0.005,62.6,-7.2,2.3,69.8,60.3
18,1,3,0.288,0.275,0.013,51.2,-13.2,-9.4,64.4,60.6
13,2,60,0.2578,0.2382,0.0196,57.3,-5,-3.7,62.3,61
18,1,16,0.179,0.164,0.015,58.1,-9.8,-2.9,67.9,61
14,1,10,0.4568,0.4422,0.0146,44.2,-17.3,-17,61.5,61.2
15,1,38,0.064,0.059,0.005,41.2,-26.6,-20,67.8,61.2
13,2,61,0.2401,0.2173,0.0228,59,-12.3,-2.3,71.3,61.3
14,1,5,0.243,0.2326,0.0104,44.5,-18,-17,62.5,61.5
18,1,5,0.258,0.243,0.015,51.7,-7.9,-10,59.6,61.7
13,1,24,0.1777,0.166,0.0117,56.2,-18.4,-5.7,74.6,61.9
14,1,52,0.117,0.1057,0.0113,42.6,-31,-20.6,73.6,63.2
18,1,10,0.214,0.205,0.009,54,-16.1,-9.6,70.1,63.6
14,1,25,0.2605,0.2482,0.0123,49.4,-31.9,-14.3,81.3,63.7
13,1,23,0.184,0.1753,0.0087,58,-15.5,-6.6,73.5,64.6
14,1,51,0.1189,0.1038,0.0151,43.6,-27.6,-21,71.2,64.6
13,2,63,0.2321,0.2133,0.0188,60.2,-7.7,-5.3,67.9,65.5
14,1,46,0.1071,0.1009,0.0062,42,-27.8,-23.6,69.8,65.6
14,1,49,0.1142,0.1019,0.0123,40.6,-31.2,-25.1,71.8,65.7
14,1,28,0.2657,0.2557,0.01,49.4,-20.4,-16.5,69.8,65.9
13,2,62,0.2298,0.2051,0.0247,56.3,1.2,-10.4,55.1,66.7
14,1,47,0.1212,0.1057,0.0155,46.4,-27,-20.5,73.4,66.9
14,1,26,0.2397,0.2298,0.0099,48.9,-26.4,-19.2,75.3,68.1
14,1,50,0.1047,0.0925,0.0122,42.3,-23.8,-26.3,66.1,68.6
13,1,22,0.1913,0.1819,0.0094,57.7,-19.5,-11.7,77.2,69.4
14,1,53,0.117,0.1028,0.0142,42.1,-31,-29.1,73.1,71.2
14,1,27,0.2364,0.2246,0.0118,46.6,-29.5,-27.4,76.1,74
14,1,29,0.2303,0.2199,0.0104,47.6,-29.1,-28.6,76.7,76.2
